Workbook

Sheet PROJELER
B2: NO | C2: Yapılacak İş | D2: ODAK Numarası | E2: Müşteri Numarası | F2: Klasör | G2: Referans İşlerin Klasör Numaraları | H2: Yapacak / Yapan Kişi | I2: Tasarım Termin Tarihi | J2: Proje Termin Tarihi | K2: Durumu | L2: Notlar
B3: 1 | C3: MN-7955-0013 EMİCİ SI PLAKA(KÖPÜK) | H3: Mustafa Altay | I3: 46297 | K3: Devam Ediyor | L3: 90/130 SET HAZIR MALZEME BEKLENİYOR
B4: 2 | C4: Yan kapak MG trim fikstürü | H4: Ahmet Emin Gezer | K4: Tamamlandı
B5: 3 | C5: Yan kapak YS trim fikstürü | H5: Mustafa Altay | K5: Tamamlandı
B6: 4 | C6: RAM kanat analiz | H6: Ahmet Emin Gezer | I6: 46295
B7: 5 | C7: Alt kapak MG trim fikstürü | H7: Mustafa Altay | I7: 46295 | K7: Tamamlandı
B8: 6 | C8: Yıldırım çubuğu fikstür | H8: Ahmet Emin Gezer | I8: 46292 | K8: Tamamlandı
B9: 7 | C9: Blade fikstür | H9: Ahmet Emin Gezer | I9: 46292 | K9: Tamamlandı
B10: 8 | C10: Sismik fiyat teklifi çalışma | H10: Mustafa Altay | I10: 46291 | K10: Tamamlandı
B11: 9 | C11: F104 formları | H11: Proje Ortak
B12: 10 | C12: F115 konfigürasyon formları | H12: Proje Ortak
B13: 11 | C13: FMEA yapılması | H13: Proje Ortak
B14: 12 | C14: KANATCIK BOYA FIKSTUR | H14: Ahmet Emin Gezer | K14: Tamamlandı
B16: Durum Renk Kodları: | C16: Tamamlandı | D16: Devam Ediyor | E16: Beklemede | F16: Atanmadı | G16: İptal Edildi

Sheet İş Emri Takip
A1: İŞ EMRİ BİLGİLERİ | G1: ÜRETİM AŞAMALARI — Tarih girin. Her birim: parça sonraki aşamaya geçince KAPANDI. İş emri: SEVK edilince ya da KAPANIŞ tarihi girilince kapanır. | U1: REWORK | Z1: ANLIK TAKİP | AB1: Notlar | AD1: YARDIMCI SÜTUNLAR (rapor için, silmeyin)
A2: NO | B2: İş Emri No | C2: Parça / İş Adı | D2: Adet | E2: Sorumlu Kişi | F2: İş Emri Tarihi | G2: Tasarım | H2: Ply Cutter | I2: Üretim | J2: Kalite (Üretim sonrası) | K2: Talaşlı | L2: Kalite (Talaşlı sonrası) | M2: Montaj | N2: Kalite (Montaj sonrası) | O2: Boya | P2: Kalite (Boya sonrası) | Q2: Yarı Mamül | R2: KM | S2: Sevk | T2: KAPANIŞ (iş bitti) | U2: Rework Adedi | V2: Rework Nedeni | W2: Rework Açıklaması | X2: Rework Açılış Tarihi | Y2: Rework Bitiş Tarihi | Z2: Güncel Durum | AA2: Geçen Süre (gün) | AD2: Süre: Tasarım | AE2: Süre: Ply Cutter | AF2: Süre: Üretim | AG2: Süre: Kalite (Üretim sonrası) | AH2: Süre: Talaşlı | AI2: Süre: Kalite (Talaşlı sonrası) | AJ2: Süre: Montaj | AK2: Süre: Kalite (Montaj sonrası) | AL2: Süre: Boya | AM2: Süre: Kalite (Boya sonrası) | AN2: Süre: Yarı Mamül | AO2: Süre: KM | AP2: Son aşamada bekleme | AQ2: Kapanış: Tasarım | AR2: Kapanış: Ply Cutter | AS2: Kapanış: Üretim | AT2: Kapanış: Kalite (Üretim sonrası) | AU2: Kapanış: Talaşlı | AV2: Kapanış: Kalite (Talaşlı sonrası) | AW2: Kapanış: Montaj | AX2: Kapanış: Kalite (Montaj sonrası) | AY2: Kapanış: Boya | AZ2: Kapanış: Kalite (Boya sonrası) | BA2: Kapanış: Yarı Mamül | BB2: Kapanış: KM | BC2: Bitiş (sevk/kapanış)
A3: =IF(B3="","",ROW()-2) -> 1 | B3: M42986 | C3: SOM0010-B - 1 - SOM SOL KANAT LAY-UP | D3: =IFERROR(VALUE(TRIM(MID(C3,FIND(" - ",C3)+3,FIND(" - ",C3,FIND(" - ",C3)+3)-FIND(" - ",C3)-3))),"") -> 1 | E3: AYÇA GÖK | F3: 46288 | I3: 46288 | J3: 46290 | T3: 46291 | Z3: =IF(B3="","",IF(S3<>"","Sevk Edildi",IF(AND(X3<>"",Y3=""),"Reworkte",IF(T3<>"","Kapandı"&IF(COUNT(G3:R3)=0,""," – "&LOOKUP(2,1/(G3:R3=MAX(G3:R3)),{"Tasarım","Ply Cutter","Üretim","Kalite (Üretim sonrası)","Talaşlı","Kalite (Talaşlı sonrası)","Montaj","Kalite (Montaj sonrası)","Boya","Kalite (Boya sonrası)","Yarı Mamül","KM"})),IF(COUNT(G3:R3)=0,"Başlamadı",LOOKUP(2,1/(G3:R3=MAX(G3:R3)),{"Tasarımda","Ply Cutter'da","Üretimde","Kalitede (Üretim sonrası)","Talaşlıda","Kalitede (Talaşlı sonrası)","Montajda","Kalitede (Montaj sonrası)","Boyada","Kalitede (Boya sonrası)","Yarı Mamülde","KM'de"})))))) -> Kapandı – Kalite (Üretim sonrası) | AA3: =IF(OR(B3="",F3=""),"",IFERROR(IF(S3<>"",S3-F3,IF(T3<>"",T3-F3,TODAY()-F3)),"")) -> 3 | AB3: Örnek satırdır, silinebilir. | AD3: =IF(OR($B3="",NOT(ISNUMBER(G3))),"",IF(COUNTIF(H3:$T3,G3)>0,0,IF(COUNTIF($G3:$T3,">"&G3)=0,"",SMALL($G3:$T3,COUNTIF($G3:$T3,"<="&G3)+1)-G3))) | AE3: =IF(OR($B3="",NOT(ISNUMBER(H3))),"",IF(COUNTIF(I3:$T3,H3)>0,0,IF(COUNTIF($G3:$T3,">"&H3)=0,"",SMALL($G3:$T3,COUNTIF($G3:$T3,"<="&H3)+1)-H3))) | AF3: =IF(OR($B3="",NOT(ISNUMBER(I3))),"",IF(COUNTIF(J3:$T3,I3)>0,0,IF(COUNTIF($G3:$T3,">"&I3)=0,"",SMALL($G3:$T3,COUNTIF($G3:$T3,"<="&I3)+1)-I3))) -> 2 | AG3: =IF(OR($B3="",NOT(ISNUMBER(J3))),"",IF(COUNTIF(K3:$T3,J3)>0,0,IF(COUNTIF($G3:$T3,">"&J3)=0,"",SMALL($G3:$T3,COUNTIF($G3:$T3,"<="&J3)+1)-J3))) -> 1 | AH3: =IF(OR($B3="",NOT(ISNUMBER(K3))),"",IF(COUNTIF(L3:$T3,K3)>0,0,IF(COUNTIF($G3:$T3,">"&K3)=0,"",SMALL($G3:$T3,COUNTIF($G3:$T3,"<="&K3)+1)-K3))) | AI3: =IF(OR($B3="",NOT(ISNUMBER(L3))),"",IF(COUNTIF(M3:$T3,L3)>0,0,IF(COUNTIF($G3:$T3,">"&L3)=0,"",SMALL($G3:$T3,COUNTIF($G3:$T3,"<="&L3)+1)-L3))) | AJ3: =IF(OR($B3="",NOT(ISNUMBER(M3))),"",IF(COUNTIF(N3:$T3,M3)>0,0,IF(COUNTIF($G3:$T3,">"&M3)=0,"",SMALL($G3:$T3,COUNTIF($G3:$T3,"<="&M3)+1)-M3))) | AK3: =IF(OR($B3="",NOT(ISNUMBER(N3))),"",IF(COUNTIF(O3:$T3,N3)>0,0,IF(COUNTIF($G3:$T3,">"&N3)=0,"",SMALL($G3:$T3,COUNTIF($G3:$T3,"<="&N3)+1)-N3))) | ... AO3: =IF(OR($B3="",NOT(ISNUMBER(R3))),"",IF(COUNTIF(S3:$T3,R3)>0,0,IF(COUNTIF($G3:$T3,">"&R3)=0,"",SMALL($G3:$T3,COUNTIF($G3:$T3,"<="&R3)+1)-R3))) | AP3: =IF(OR($B3="",Z3="",Z3="Başlamadı",Z3="Sevk Edildi",Z3="Reworkte",LEFT(Z3,7)="Kapandı"),0,TODAY()-MAX($G3:$R3)) -> 0 | AQ3: =IF(AND(ISNUMBER(G3),ISNUMBER(AD3)),G3+AD3,"") | AR3: =IF(AND(ISNUMBER(H3),ISNUMBER(AE3)),H3+AE3,"") | AS3: =IF(AND(ISNUMBER(I3),ISNUMBER(AF3)),I3+AF3,"") -> 46290 | AT3: =IF(AND(ISNUMBER(J3),ISNUMBER(AG3)),J3+AG3,"") -> 46291 | AU3: =IF(AND(ISNUMBER(K3),ISNUMBER(AH3)),K3+AH3,"") | AV3: =IF(AND(ISNUMBER(L3),ISNUMBER(AI3)),L3+AI3,"") | AW3: =IF(AND(ISNUMBER(M3),ISNUMBER(AJ3)),M3+AJ3,"") | AX3: =IF(AND(ISNUMBER(N3),ISNUMBER(AK3)),N3+AK3,"") | ... BB3: =IF(AND(ISNUMBER(R3),ISNUMBER(AO3)),R3+AO3,"") | BC3: =IF(AND(S3="",T3=""),"",MIN(S3,T3)) -> 46291
A4: =IF(B4="","",ROW()-2) -> 2 | B4: M42987 | C4: 2020-007-B - 1 - HF AYAK SERIM | D4: =IFERROR(VALUE(TRIM(MID(C4,FIND(" - ",C4)+3,FIND(" - ",C4,FIND(" - ",C4)+3)-FIND(" - ",C4)-3))),"") -> 1 | E4: AYÇA GÖK | F4: 46288 | I4: 46288 | J4: 46290 | Q4: 46291 | T4: 46291 | Z4: =IF(B4="","",IF(S4<>"","Sevk Edildi",IF(AND(X4<>"",Y4=""),"Reworkte",IF(T4<>"","Kapandı"&IF(COUNT(G4:R4)=0,""," – "&LOOKUP(2,1/(G4:R4=MAX(G4:R4)),{"Tasarım","Ply Cutter","Üretim","Kalite (Üretim sonrası)","Talaşlı","Kalite (Talaşlı sonrası)","Montaj","Kalite (Montaj sonrası)","Boya","Kalite (Boya sonrası)","Yarı Mamül","KM"})),IF(COUNT(G4:R4)=0,"Başlamadı",LOOKUP(2,1/(G4:R4=MAX(G4:R4)),{"Tasarımda","Ply Cutter'da","Üretimde","Kalitede (Üretim sonrası)","Talaşlıda","Kalitede (Talaşlı sonrası)","Montajda","Kalitede (Montaj sonrası)","Boyada","Kalitede (Boya sonrası)","Yarı Mamülde","KM'de"})))))) -> Kapandı – Yarı Mamül | AA4: =IF(OR(B4="",F4=""),"",IFERROR(IF(S4<>"",S4-F4,IF(T4<>"",T4-F4,TODAY()-F4)),"")) -> 3 | AD4: =IF(OR($B4="",NOT(ISNUMBER(G4))),"",IF(COUNTIF(H4:$T4,G4)>0,0,IF(COUNTIF($G4:$T4,">"&G4)=0,"",SMALL($G4:$T4,COUNTIF($G4:$T4,"<="&G4)+1)-G4))) | AE4: =IF(OR($B4="",NOT(ISNUMBER(H4))),"",IF(COUNTIF(I4:$T4,H4)>0,0,IF(COUNTIF($G4:$T4,">"&H4)=0,"",SMALL($G4:$T4,COUNTIF($G4:$T4,"<="&H4)+1)-H4))) | AF4: =IF(OR($B4="",NOT(ISNUMBER(I4))),"",IF(COUNTIF(J4:$T4,I4)>0,0,IF(COUNTIF($G4:$T4,">"&I4)=0,"",SMALL($G4:$T4,COUNTIF($G4:$T4,"<="&I4)+1)-I4))) -> 2 | AG4: =IF(OR($B4="",NOT(ISNUMBER(J4))),"",IF(COUNTIF(K4:$T4,J4)>0,0,IF(COUNTIF($G4:$T4,">"&J4)=0,"",SMALL($G4:$T4,COUNTIF($G4:$T4,"<="&J4)+1)-J4))) -> 1 | AH4: =IF(OR($B4="",NOT(ISNUMBER(K4))),"",IF(COUNTIF(L4:$T4,K4)>0,0,IF(COUNTIF($G4:$T4,">"&K4)=0,"",SMALL($G4:$T4,COUNTIF($G4:$T4,"<="&K4)+1)-K4))) | AI4: =IF(OR($B4="",NOT(ISNUMBER(L4))),"",IF(COUNTIF(M4:$T4,L4)>0,0,IF(COUNTIF($G4:$T4,">"&L4)=0,"",SMALL($G4:$T4,COUNTIF($G4:$T4,"<="&L4)+1)-L4))) | AJ4: =IF(OR($B4="",NOT(ISNUMBER(M4))),"",IF(COUNTIF(N4:$T4,M4)>0,0,IF(COUNTIF($G4:$T4,">"&M4)=0,"",SMALL($G4:$T4,COUNTIF($G4:$T4,"<="&M4)+1)-M4))) | AK4: =IF(OR($B4="",NOT(ISNUMBER(N4))),"",IF(COUNTIF(O4:$T4,N4)>0,0,IF(COUNTIF($G4:$T4,">"&N4)=0,"",SMALL($G4:$T4,COUNTIF($G4:$T4,"<="&N4)+1)-N4))) | ... AO4: =IF(OR($B4="",NOT(ISNUMBER(R4))),"",IF(COUNTIF(S4:$T4,R4)>0,0,IF(COUNTIF($G4:$T4,">"&R4)=0,"",SMALL($G4:$T4,COUNTIF($G4:$T4,"<="&R4)+1)-R4))) | AP4: =IF(OR($B4="",Z4="",Z4="Başlamadı",Z4="Sevk Edildi",Z4="Reworkte",LEFT(Z4,7)="Kapandı"),0,TODAY()-MAX($G4:$R4)) -> 0 | AQ4: =IF(AND(ISNUMBER(G4),ISNUMBER(AD4)),G4+AD4,"") | AR4: =IF(AND(ISNUMBER(H4),ISNUMBER(AE4)),H4+AE4,"") | AS4: =IF(AND(ISNUMBER(I4),ISNUMBER(AF4)),I4+AF4,"") -> 46290 | AT4: =IF(AND(ISNUMBER(J4),ISNUMBER(AG4)),J4+AG4,"") -> 46291 | AU4: =IF(AND(ISNUMBER(K4),ISNUMBER(AH4)),K4+AH4,"") | AV4: =IF(AND(ISNUMBER(L4),ISNUMBER(AI4)),L4+AI4,"") | AW4: =IF(AND(ISNUMBER(M4),ISNUMBER(AJ4)),M4+AJ4,"") | AX4: =IF(AND(ISNUMBER(N4),ISNUMBER(AK4)),N4+AK4,"") | ... BB4: =IF(AND(ISNUMBER(R4),ISNUMBER(AO4)),R4+AO4,"") | BC4: =IF(AND(S4="",T4=""),"",MIN(S4,T4)) -> 46291
A5: =IF(B5="","",ROW()-2) -> 3 | B5: M42988 | C5: 2020-007-B - 1 - HF AYAK SERIM | D5: =IFERROR(VALUE(TRIM(MID(C5,FIND(" - ",C5)+3,FIND(" - ",C5,FIND(" - ",C5)+3)-FIND(" - ",C5)-3))),"") -> 1 | E5: AYÇA GÖK | F5: 46288 | I5: 46288 | J5: 46290 | Q5: 46291 | T5: 46291 | Z5: =IF(B5="","",IF(S5<>"","Sevk Edildi",IF(AND(X5<>"",Y5=""),"Reworkte",IF(T5<>"","Kapandı"&IF(COUNT(G5:R5)=0,""," – "&LOOKUP(2,1/(G5:R5=MAX(G5:R5)),{"Tasarım","Ply Cutter","Üretim","Kalite (Üretim sonrası)","Talaşlı","Kalite (Talaşlı sonrası)","Montaj","Kalite (Montaj sonrası)","Boya","Kalite (Boya sonrası)","Yarı Mamül","KM"})),IF(COUNT(G5:R5)=0,"Başlamadı",LOOKUP(2,1/(G5:R5=MAX(G5:R5)),{"Tasarımda","Ply Cutter'da","Üretimde","Kalitede (Üretim sonrası)","Talaşlıda","Kalitede (Talaşlı sonrası)","Montajda","Kalitede (Montaj sonrası)","Boyada","Kalitede (Boya sonrası)","Yarı Mamülde","KM'de"})))))) -> Kapandı – Yarı Mamül | AA5: =IF(OR(B5="",F5=""),"",IFERROR(IF(S5<>"",S5-F5,IF(T5<>"",T5-F5,TODAY()-F5)),"")) -> 3 | AD5: =IF(OR($B5="",NOT(ISNUMBER(G5))),"",IF(COUNTIF(H5:$T5,G5)>0,0,IF(COUNTIF($G5:$T5,">"&G5)=0,"",SMALL($G5:$T5,COUNTIF($G5:$T5,"<="&G5)+1)-G5))) | AE5: =IF(OR($B5="",NOT(ISNUMBER(H5))),"",IF(COUNTIF(I5:$T5,H5)>0,0,IF(COUNTIF($G5:$T5,">"&H5)=0,"",SMALL($G5:$T5,COUNTIF($G5:$T5,"<="&H5)+1)-H5))) | AF5: =IF(OR($B5="",NOT(ISNUMBER(I5))),"",IF(COUNTIF(J5:$T5,I5)>0,0,IF(COUNTIF($G5:$T5,">"&I5)=0,"",SMALL($G5:$T5,COUNTIF($G5:$T5,"<="&I5)+1)-I5))) -> 2 | AG5: =IF(OR($B5="",NOT(ISNUMBER(J5))),"",IF(COUNTIF(K5:$T5,J5)>0,0,IF(COUNTIF($G5:$T5,">"&J5)=0,"",SMALL($G5:$T5,COUNTIF($G5:$T5,"<="&J5)+1)-J5))) -> 1 | AH5: =IF(OR($B5="",NOT(ISNUMBER(K5))),"",IF(COUNTIF(L5:$T5,K5)>0,0,IF(COUNTIF($G5:$T5,">"&K5)=0,"",SMALL($G5:$T5,COUNTIF($G5:$T5,"<="&K5)+1)-K5))) | AI5: =IF(OR($B5="",NOT(ISNUMBER(L5))),"",IF(COUNTIF(M5:$T5,L5)>0,0,IF(COUNTIF($G5:$T5,">"&L5)=0,"",SMALL($G5:$T5,COUNTIF($G5:$T5,"<="&L5)+1)-L5))) | AJ5: =IF(OR($B5="",NOT(ISNUMBER(M5))),"",IF(COUNTIF(N5:$T5,M5)>0,0,IF(COUNTIF($G5:$T5,">"&M5)=0,"",SMALL($G5:$T5,COUNTIF($G5:$T5,"<="&M5)+1)-M5))) | AK5: =IF(OR($B5="",NOT(ISNUMBER(N5))),"",IF(COUNTIF(O5:$T5,N5)>0,0,IF(COUNTIF($G5:$T5,">"&N5)=0,"",SMALL($G5:$T5,COUNTIF($G5:$T5,"<="&N5)+1)-N5))) | ... AO5: =IF(OR($B5="",NOT(ISNUMBER(R5))),"",IF(COUNTIF(S5:$T5,R5)>0,0,IF(COUNTIF($G5:$T5,">"&R5)=0,"",SMALL($G5:$T5,COUNTIF($G5:$T5,"<="&R5)+1)-R5))) | AP5: =IF(OR($B5="",Z5="",Z5="Başlamadı",Z5="Sevk Edildi",Z5="Reworkte",LEFT(Z5,7)="Kapandı"),0,TODAY()-MAX($G5:$R5)) -> 0 | AQ5: =IF(AND(ISNUMBER(G5),ISNUMBER(AD5)),G5+AD5,"") | AR5: =IF(AND(ISNUMBER(H5),ISNUMBER(AE5)),H5+AE5,"") | AS5: =IF(AND(ISNUMBER(I5),ISNUMBER(AF5)),I5+AF5,"") -> 46290 | AT5: =IF(AND(ISNUMBER(J5),ISNUMBER(AG5)),J5+AG5,"") -> 46291 | AU5: =IF(AND(ISNUMBER(K5),ISNUMBER(AH5)),K5+AH5,"") | AV5: =IF(AND(ISNUMBER(L5),ISNUMBER(AI5)),L5+AI5,"") | AW5: =IF(AND(ISNUMBER(M5),ISNUMBER(AJ5)),M5+AJ5,"") | AX5: =IF(AND(ISNUMBER(N5),ISNUMBER(AK5)),N5+AK5,"") | ... BB5: =IF(AND(ISNUMBER(R5),ISNUMBER(AO5)),R5+AO5,"") | BC5: =IF(AND(S5="",T5=""),"",MIN(S5,T5)) -> 46291
A6: =IF(B6="","",ROW()-2) -> 4 | B6: M42989 | C6: MN-0000-4163-B - 5 - BORU KMPZT YILDIRIM KORUMA GU | D6: =IFERROR(VALUE(TRIM(MID(C6,FIND(" - ",C6)+3,FIND(" - ",C6,FIND(" - ",C6)+3)-FIND(" - ",C6)-3))),"") -> 5 | E6: AYÇA GÖK | F6: 46288 | I6: 46288 | J6: 46291 | T6: 46291 | Z6: =IF(B6="","",IF(S6<>"","Sevk Edildi",IF(AND(X6<>"",Y6=""),"Reworkte",IF(T6<>"","Kapandı"&IF(COUNT(G6:R6)=0,""," – "&LOOKUP(2,1/(G6:R6=MAX(G6:R6)),{"Tasarım","Ply Cutter","Üretim","Kalite (Üretim sonrası)","Talaşlı","Kalite (Talaşlı sonrası)","Montaj","Kalite (Montaj sonrası)","Boya","Kalite (Boya sonrası)","Yarı Mamül","KM"})),IF(COUNT(G6:R6)=0,"Başlamadı",LOOKUP(2,1/(G6:R6=MAX(G6:R6)),{"Tasarımda","Ply Cutter'da","Üretimde","Kalitede (Üretim sonrası)","Talaşlıda","Kalitede (Talaşlı sonrası)","Montajda","Kalitede (Montaj sonrası)","Boyada","Kalitede (Boya sonrası)","Yarı Mamülde","KM'de"})))))) -> Kapandı – Kalite (Üretim sonrası) | AA6: =IF(OR(B6="",F6=""),"",IFERROR(IF(S6<>"",S6-F6,IF(T6<>"",T6-F6,TODAY()-F6)),"")) -> 3 | AB6: 18 ADETTEN 7 ADET MONTAJDA | AD6: =IF(OR($B6="",NOT(ISNUMBER(G6))),"",IF(COUNTIF(H6:$T6,G6)>0,0,IF(COUNTIF($G6:$T6,">"&G6)=0,"",SMALL($G6:$T6,COUNTIF($G6:$T6,"<="&G6)+1)-G6))) | AE6: =IF(OR($B6="",NOT(ISNUMBER(H6))),"",IF(COUNTIF(I6:$T6,H6)>0,0,IF(COUNTIF($G6:$T6,">"&H6)=0,"",SMALL($G6:$T6,COUNTIF($G6:$T6,"<="&H6)+1)-H6))) | AF6: =IF(OR($B6="",NOT(ISNUMBER(I6))),"",IF(COUNTIF(J6:$T6,I6)>0,0,IF(COUNTIF($G6:$T6,">"&I6)=0,"",SMALL($G6:$T6,COUNTIF($G6:$T6,"<="&I6)+1)-I6))) -> 3 | AG6: =IF(OR($B6="",NOT(ISNUMBER(J6))),"",IF(COUNTIF(K6:$T6,J6)>0,0,IF(COUNTIF($G6:$T6,">"&J6)=0,"",SMALL($G6:$T6,COUNTIF($G6:$T6,"<="&J6)+1)-J6))) -> 0 | AH6: =IF(OR($B6="",NOT(ISNUMBER(K6))),"",IF(COUNTIF(L6:$T6,K6)>0,0,IF(COUNTIF($G6:$T6,">"&K6)=0,"",SMALL($G6:$T6,COUNTIF($G6:$T6,"<="&K6)+1)-K6))) | AI6: =IF(OR($B6="",NOT(ISNUMBER(L6))),"",IF(COUNTIF(M6:$T6,L6)>0,0,IF(COUNTIF($G6:$T6,">"&L6)=0,"",SMALL($G6:$T6,COUNTIF($G6:$T6,"<="&L6)+1)-L6))) | AJ6: =IF(OR($B6="",NOT(ISNUMBER(M6))),"",IF(COUNTIF(N6:$T6,M6)>0,0,IF(COUNTIF($G6:$T6,">"&M6)=0,"",SMALL($G6:$T6,COUNTIF($G6:$T6,"<="&M6)+1)-M6))) | AK6: =IF(OR($B6="",NOT(ISNUMBER(N6))),"",IF(COUNTIF(O6:$T6,N6)>0,0,IF(COUNTIF($G6:$T6,">"&N6)=0,"",SMALL($G6:$T6,COUNTIF($G6:$T6,"<="&N6)+1)-N6))) | ... AO6: =IF(OR($B6="",NOT(ISNUMBER(R6))),"",IF(COUNTIF(S6:$T6,R6)>0,0,IF(COUNTIF($G6:$T6,">"&R6)=0,"",SMALL($G6:$T6,COUNTIF($G6:$T6,"<="&R6)+1)-R6))) | AP6: =IF(OR($B6="",Z6="",Z6="Başlamadı",Z6="Sevk Edildi",Z6="Reworkte",LEFT(Z6,7)="Kapandı"),0,TODAY()-MAX($G6:$R6)) -> 0 | AQ6: =IF(AND(ISNUMBER(G6),ISNUMBER(AD6)),G6+AD6,"") | AR6: =IF(AND(ISNUMBER(H6),ISNUMBER(AE6)),H6+AE6,"") | AS6: =IF(AND(ISNUMBER(I6),ISNUMBER(AF6)),I6+AF6,"") -> 46291 | AT6: =IF(AND(ISNUMBER(J6),ISNUMBER(AG6)),J6+AG6,"") -> 46291 | AU6: =IF(AND(ISNUMBER(K6),ISNUMBER(AH6)),K6+AH6,"") | AV6: =IF(AND(ISNUMBER(L6),ISNUMBER(AI6)),L6+AI6,"") | AW6: =IF(AND(ISNUMBER(M6),ISNUMBER(AJ6)),M6+AJ6,"") | AX6: =IF(AND(ISNUMBER(N6),ISNUMBER(AK6)),N6+AK6,"") | ... BB6: =IF(AND(ISNUMBER(R6),ISNUMBER(AO6)),R6+AO6,"") | BC6: =IF(AND(S6="",T6=""),"",MIN(S6,T6)) -> 46291
A7: =IF(B7="","",ROW()-2) -> 5 | B7: M42990 | C7: MN-0000-4163-B - 5 - BORU KMPZT YILDIRIM KORUMA GU | D7: =IFERROR(VALUE(TRIM(MID(C7,FIND(" - ",C7)+3,FIND(" - ",C7,FIND(" - ",C7)+3)-FIND(" - ",C7)-3))),"") -> 5 | E7: AYÇA GÖK | F7: 46288 | I7: 46288 | J7: 46291 | T7: 46291 | Z7: =IF(B7="","",IF(S7<>"","Sevk Edildi",IF(AND(X7<>"",Y7=""),"Reworkte",IF(T7<>"","Kapandı"&IF(COUNT(G7:R7)=0,""," – "&LOOKUP(2,1/(G7:R7=MAX(G7:R7)),{"Tasarım","Ply Cutter","Üretim","Kalite (Üretim sonrası)","Talaşlı","Kalite (Talaşlı sonrası)","Montaj","Kalite (Montaj sonrası)","Boya","Kalite (Boya sonrası)","Yarı Mamül","KM"})),IF(COUNT(G7:R7)=0,"Başlamadı",LOOKUP(2,1/(G7:R7=MAX(G7:R7)),{"Tasarımda","Ply Cutter'da","Üretimde","Kalitede (Üretim sonrası)","Talaşlıda","Kalitede (Talaşlı sonrası)","Montajda","Kalitede (Montaj sonrası)","Boyada","Kalitede (Boya sonrası)","Yarı Mamülde","KM'de"})))))) -> Kapandı – Kalite (Üretim sonrası) | AA7: =IF(OR(B7="",F7=""),"",IFERROR(IF(S7<>"",S7-F7,IF(T7<>"",T7-F7,TODAY()-F7)),"")) -> 3 | AB7: 9 ADET YÜZEY İŞLEMİNDE | AD7: =IF(OR($B7="",NOT(ISNUMBER(G7))),"",IF(COUNTIF(H7:$T7,G7)>0,0,IF(COUNTIF($G7:$T7,">"&G7)=0,"",SMALL($G7:$T7,COUNTIF($G7:$T7,"<="&G7)+1)-G7))) | AE7: =IF(OR($B7="",NOT(ISNUMBER(H7))),"",IF(COUNTIF(I7:$T7,H7)>0,0,IF(COUNTIF($G7:$T7,">"&H7)=0,"",SMALL($G7:$T7,COUNTIF($G7:$T7,"<="&H7)+1)-H7))) | AF7: =IF(OR($B7="",NOT(ISNUMBER(I7))),"",IF(COUNTIF(J7:$T7,I7)>0,0,IF(COUNTIF($G7:$T7,">"&I7)=0,"",SMALL($G7:$T7,COUNTIF($G7:$T7,"<="&I7)+1)-I7))) -> 3 | AG7: =IF(OR($B7="",NOT(ISNUMBER(J7))),"",IF(COUNTIF(K7:$T7,J7)>0,0,IF(COUNTIF($G7:$T7,">"&J7)=0,"",SMALL($G7:$T7,COUNTIF($G7:$T7,"<="&J7)+1)-J7))) -> 0 | AH7: =IF(OR($B7="",NOT(ISNUMBER(K7))),"",IF(COUNTIF(L7:$T7,K7)>0,0,IF(COUNTIF($G7:$T7,">"&K7)=0,"",SMALL($G7:$T7,COUNTIF($G7:$T7,"<="&K7)+1)-K7))) | AI7: =IF(OR($B7="",NOT(ISNUMBER(L7))),"",IF(COUNTIF(M7:$T7,L7)>0,0,IF(COUNTIF($G7:$T7,">"&L7)=0,"",SMALL($G7:$T7,COUNTIF($G7:$T7,"<="&L7)+1)-L7))) | AJ7: =IF(OR($B7="",NOT(ISNUMBER(M7))),"",IF(COUNTIF(N7:$T7,M7)>0,0,IF(COUNTIF($G7:$T7,">"&M7)=0,"",SMALL($G7:$T7,COUNTIF($G7:$T7,"<="&M7)+1)-M7))) | AK7: =IF(OR($B7="",NOT(ISNUMBER(N7))),"",IF(COUNTIF(O7:$T7,N7)>0,0,IF(COUNTIF($G7:$T7,">"&N7)=0,"",SMALL($G7:$T7,COUNTIF($G7:$T7,"<="&N7)+1)-N7))) | ... AO7: =IF(OR($B7="",NOT(ISNUMBER(R7))),"",IF(COUNTIF(S7:$T7,R7)>0,0,IF(COUNTIF($G7:$T7,">"&R7)=0,"",SMALL($G7:$T7,COUNTIF($G7:$T7,"<="&R7)+1)-R7))) | AP7: =IF(OR($B7="",Z7="",Z7="Başlamadı",Z7="Sevk Edildi",Z7="Reworkte",LEFT(Z7,7)="Kapandı"),0,TODAY()-MAX($G7:$R7)) -> 0 | AQ7: =IF(AND(ISNUMBER(G7),ISNUMBER(AD7)),G7+AD7,"") | AR7: =IF(AND(ISNUMBER(H7),ISNUMBER(AE7)),H7+AE7,"") | AS7: =IF(AND(ISNUMBER(I7),ISNUMBER(AF7)),I7+AF7,"") -> 46291 | AT7: =IF(AND(ISNUMBER(J7),ISNUMBER(AG7)),J7+AG7,"") -> 46291 | AU7: =IF(AND(ISNUMBER(K7),ISNUMBER(AH7)),K7+AH7,"") | AV7: =IF(AND(ISNUMBER(L7),ISNUMBER(AI7)),L7+AI7,"") | AW7: =IF(AND(ISNUMBER(M7),ISNUMBER(AJ7)),M7+AJ7,"") | AX7: =IF(AND(ISNUMBER(N7),ISNUMBER(AK7)),N7+AK7,"") | ... BB7: =IF(AND(ISNUMBER(R7),ISNUMBER(AO7)),R7+AO7,"") | BC7: =IF(AND(S7="",T7=""),"",MIN(S7,T7)) -> 46291
A8: =IF(B8="","",ROW()-2) -> 6 | B8: M42992 | C8: MN-7516-0002-B - 1 - RADOM ANTEN YASSI KUCUK PGR S | D8: =IFERROR(VALUE(TRIM(MID(C8,FIND(" - ",C8)+3,FIND(" - ",C8,FIND(" - ",C8)+3)-FIND(" - ",C8)-3))),"") -> 1 | E8: AYÇA GÖK | F8: 46288 | I8: 46288 | J8: 46290 | Q8: 46291 | T8: 46291 | Z8: =IF(B8="","",IF(S8<>"","Sevk Edildi",IF(AND(X8<>"",Y8=""),"Reworkte",IF(T8<>"","Kapandı"&IF(COUNT(G8:R8)=0,""," – "&LOOKUP(2,1/(G8:R8=MAX(G8:R8)),{"Tasarım","Ply Cutter","Üretim","Kalite (Üretim sonrası)","Talaşlı","Kalite (Talaşlı sonrası)","Montaj","Kalite (Montaj sonrası)","Boya","Kalite (Boya sonrası)","Yarı Mamül","KM"})),IF(COUNT(G8:R8)=0,"Başlamadı",LOOKUP(2,1/(G8:R8=MAX(G8:R8)),{"Tasarımda","Ply Cutter'da","Üretimde","Kalitede (Üretim sonrası)","Talaşlıda","Kalitede (Talaşlı sonrası)","Montajda","Kalitede (Montaj sonrası)","Boyada","Kalitede (Boya sonrası)","Yarı Mamülde","KM'de"})))))) -> Kapandı – Yarı Mamül | AA8: =IF(OR(B8="",F8=""),"",IFERROR(IF(S8<>"",S8-F8,IF(T8<>"",T8-F8,TODAY()-F8)),"")) -> 3 | AD8: =IF(OR($B8="",NOT(ISNUMBER(G8))),"",IF(COUNTIF(H8:$T8,G8)>0,0,IF(COUNTIF($G8:$T8,">"&G8)=0,"",SMALL($G8:$T8,COUNTIF($G8:$T8,"<="&G8)+1)-G8))) | AE8: =IF(OR($B8="",NOT(ISNUMBER(H8))),"",IF(COUNTIF(I8:$T8,H8)>0,0,IF(COUNTIF($G8:$T8,">"&H8)=0,"",SMALL($G8:$T8,COUNTIF($G8:$T8,"<="&H8)+1)-H8))) | AF8: =IF(OR($B8="",NOT(ISNUMBER(I8))),"",IF(COUNTIF(J8:$T8,I8)>0,0,IF(COUNTIF($G8:$T8,">"&I8)=0,"",SMALL($G8:$T8,COUNTIF($G8:$T8,"<="&I8)+1)-I8))) -> 2 | AG8: =IF(OR($B8="",NOT(ISNUMBER(J8))),"",IF(COUNTIF(K8:$T8,J8)>0,0,IF(COUNTIF($G8:$T8,">"&J8)=0,"",SMALL($G8:$T8,COUNTIF($G8:$T8,"<="&J8)+1)-J8))) -> 1 | AH8: =IF(OR($B8="",NOT(ISNUMBER(K8))),"",IF(COUNTIF(L8:$T8,K8)>0,0,IF(COUNTIF($G8:$T8,">"&K8)=0,"",SMALL($G8:$T8,COUNTIF($G8:$T8,"<="&K8)+1)-K8))) | AI8: =IF(OR($B8="",NOT(ISNUMBER(L8))),"",IF(COUNTIF(M8:$T8,L8)>0,0,IF(COUNTIF($G8:$T8,">"&L8)=0,"",SMALL($G8:$T8,COUNTIF($G8:$T8,"<="&L8)+1)-L8))) | AJ8: =IF(OR($B8="",NOT(ISNUMBER(M8))),"",IF(COUNTIF(N8:$T8,M8)>0,0,IF(COUNTIF($G8:$T8,">"&M8)=0,"",SMALL($G8:$T8,COUNTIF($G8:$T8,"<="&M8)+1)-M8))) | AK8: =IF(OR($B8="",NOT(ISNUMBER(N8))),"",IF(COUNTIF(O8:$T8,N8)>0,0,IF(COUNTIF($G8:$T8,">"&N8)=0,"",SMALL($G8:$T8,COUNTIF($G8:$T8,"<="&N8)+1)-N8))) | ... AO8: =IF(OR($B8="",NOT(ISNUMBER(R8))),"",IF(COUNTIF(S8:$T8,R8)>0,0,IF(COUNTIF($G8:$T8,">"&R8)=0,"",SMALL($G8:$T8,COUNTIF($G8:$T8,"<="&R8)+1)-R8))) | AP8: =IF(OR($B8="",Z8="",Z8="Başlamadı",Z8="Sevk Edildi",Z8="Reworkte",LEFT(Z8,7)="Kapandı"),0,TODAY()-MAX($G8:$R8)) -> 0 | AQ8: =IF(AND(ISNUMBER(G8),ISNUMBER(AD8)),G8+AD8,"") | AR8: =IF(AND(ISNUMBER(H8),ISNUMBER(AE8)),H8+AE8,"") | AS8: =IF(AND(ISNUMBER(I8),ISNUMBER(AF8)),I8+AF8,"") -> 46290 | AT8: =IF(AND(ISNUMBER(J8),ISNUMBER(AG8)),J8+AG8,"") -> 46291 | AU8: =IF(AND(ISNUMBER(K8),ISNUMBER(AH8)),K8+AH8,"") | AV8: =IF(AND(ISNUMBER(L8),ISNUMBER(AI8)),L8+AI8,"") | AW8: =IF(AND(ISNUMBER(M8),ISNUMBER(AJ8)),M8+AJ8,"") | AX8: =IF(AND(ISNUMBER(N8),ISNUMBER(AK8)),N8+AK8,"") | ... BB8: =IF(AND(ISNUMBER(R8),ISNUMBER(AO8)),R8+AO8,"") | BC8: =IF(AND(S8="",T8=""),"",MIN(S8,T8)) -> 46291
A9: =IF(B9="","",ROW()-2) -> 7 | B9: M42993 | C9: 00191416-B - 1 - YAN KAPAK, MG SERIM | D9: =IFERROR(VALUE(TRIM(MID(C9,FIND(" - ",C9)+3,FIND(" - ",C9,FIND(" - ",C9)+3)-FIND(" - ",C9)-3))),"") -> 1 | E9: AYÇA GÖK | F9: 46288 | I9: 46288 | J9: 46290 | Q9: 46291 | T9: 46291 | Z9: =IF(B9="","",IF(S9<>"","Sevk Edildi",IF(AND(X9<>"",Y9=""),"Reworkte",IF(T9<>"","Kapandı"&IF(COUNT(G9:R9)=0,""," – "&LOOKUP(2,1/(G9:R9=MAX(G9:R9)),{"Tasarım","Ply Cutter","Üretim","Kalite (Üretim sonrası)","Talaşlı","Kalite (Talaşlı sonrası)","Montaj","Kalite (Montaj sonrası)","Boya","Kalite (Boya sonrası)","Yarı Mamül","KM"})),IF(COUNT(G9:R9)=0,"Başlamadı",LOOKUP(2,1/(G9:R9=MAX(G9:R9)),{"Tasarımda","Ply Cutter'da","Üretimde","Kalitede (Üretim sonrası)","Talaşlıda","Kalitede (Talaşlı sonrası)","Montajda","Kalitede (Montaj sonrası)","Boyada","Kalitede (Boya sonrası)","Yarı Mamülde","KM'de"})))))) -> Kapandı – Yarı Mamül | AA9: =IF(OR(B9="",F9=""),"",IFERROR(IF(S9<>"",S9-F9,IF(T9<>"",T9-F9,TODAY()-F9)),"")) -> 3 | AD9: =IF(OR($B9="",NOT(ISNUMBER(G9))),"",IF(COUNTIF(H9:$T9,G9)>0,0,IF(COUNTIF($G9:$T9,">"&G9)=0,"",SMALL($G9:$T9,COUNTIF($G9:$T9,"<="&G9)+1)-G9))) | AE9: =IF(OR($B9="",NOT(ISNUMBER(H9))),"",IF(COUNTIF(I9:$T9,H9)>0,0,IF(COUNTIF($G9:$T9,">"&H9)=0,"",SMALL($G9:$T9,COUNTIF($G9:$T9,"<="&H9)+1)-H9))) | AF9: =IF(OR($B9="",NOT(ISNUMBER(I9))),"",IF(COUNTIF(J9:$T9,I9)>0,0,IF(COUNTIF($G9:$T9,">"&I9)=0,"",SMALL($G9:$T9,COUNTIF($G9:$T9,"<="&I9)+1)-I9))) -> 2 | AG9: =IF(OR($B9="",NOT(ISNUMBER(J9))),"",IF(COUNTIF(K9:$T9,J9)>0,0,IF(COUNTIF($G9:$T9,">"&J9)=0,"",SMALL($G9:$T9,COUNTIF($G9:$T9,"<="&J9)+1)-J9))) -> 1 | AH9: =IF(OR($B9="",NOT(ISNUMBER(K9))),"",IF(COUNTIF(L9:$T9,K9)>0,0,IF(COUNTIF($G9:$T9,">"&K9)=0,"",SMALL($G9:$T9,COUNTIF($G9:$T9,"<="&K9)+1)-K9))) | AI9: =IF(OR($B9="",NOT(ISNUMBER(L9))),"",IF(COUNTIF(M9:$T9,L9)>0,0,IF(COUNTIF($G9:$T9,">"&L9)=0,"",SMALL($G9:$T9,COUNTIF($G9:$T9,"<="&L9)+1)-L9))) | AJ9: =IF(OR($B9="",NOT(ISNUMBER(M9))),"",IF(COUNTIF(N9:$T9,M9)>0,0,IF(COUNTIF($G9:$T9,">"&M9)=0,"",SMALL($G9:$T9,COUNTIF($G9:$T9,"<="&M9)+1)-M9))) | AK9: =IF(OR($B9="",NOT(ISNUMBER(N9))),"",IF(COUNTIF(O9:$T9,N9)>0,0,IF(COUNTIF($G9:$T9,">"&N9)=0,"",SMALL($G9:$T9,COUNTIF($G9:$T9,"<="&N9)+1)-N9))) | ... AO9: =IF(OR($B9="",NOT(ISNUMBER(R9))),"",IF(COUNTIF(S9:$T9,R9)>0,0,IF(COUNTIF($G9:$T9,">"&R9)=0,"",SMALL($G9:$T9,COUNTIF($G9:$T9,"<="&R9)+1)-R9))) | AP9: =IF(OR($B9="",Z9="",Z9="Başlamadı",Z9="Sevk Edildi",Z9="Reworkte",LEFT(Z9,7)="Kapandı"),0,TODAY()-MAX($G9:$R9)) -> 0 | AQ9: =IF(AND(ISNUMBER(G9),ISNUMBER(AD9)),G9+AD9,"") | AR9: =IF(AND(ISNUMBER(H9),ISNUMBER(AE9)),H9+AE9,"") | AS9: =IF(AND(ISNUMBER(I9),ISNUMBER(AF9)),I9+AF9,"") -> 46290 | AT9: =IF(AND(ISNUMBER(J9),ISNUMBER(AG9)),J9+AG9,"") -> 46291 | AU9: =IF(AND(ISNUMBER(K9),ISNUMBER(AH9)),K9+AH9,"") | AV9: =IF(AND(ISNUMBER(L9),ISNUMBER(AI9)),L9+AI9,"") | AW9: =IF(AND(ISNUMBER(M9),ISNUMBER(AJ9)),M9+AJ9,"") | AX9: =IF(AND(ISNUMBER(N9),ISNUMBER(AK9)),N9+AK9,"") | ... BB9: =IF(AND(ISNUMBER(R9),ISNUMBER(AO9)),R9+AO9,"") | BC9: =IF(AND(S9="",T9=""),"",MIN(S9,T9)) -> 46291
A10: =IF(B10="","",ROW()-2) -> 8 | B10: M42994 | C10: MN-7750-0043-B - 1 - REFLEKTOR DONER ANTEN EDELINT | D10: =IFERROR(VALUE(TRIM(MID(C10,FIND(" - ",C10)+3,FIND(" - ",C10,FIND(" - ",C10)+3)-FIND(" - ",C10)-3))),"") -> 1 | E10: AYÇA GÖK | F10: 46288 | I10: 46288 | J10: 46290 | Q10: 46291 | T10: 46291 | Z10: =IF(B10="","",IF(S10<>"","Sevk Edildi",IF(AND(X10<>"",Y10=""),"Reworkte",IF(T10<>"","Kapandı"&IF(COUNT(G10:R10)=0,""," – "&LOOKUP(2,1/(G10:R10=MAX(G10:R10)),{"Tasarım","Ply Cutter","Üretim","Kalite (Üretim sonrası)","Talaşlı","Kalite (Talaşlı sonrası)","Montaj","Kalite (Montaj sonrası)","Boya","Kalite (Boya sonrası)","Yarı Mamül","KM"})),IF(COUNT(G10:R10)=0,"Başlamadı",LOOKUP(2,1/(G10:R10=MAX(G10:R10)),{"Tasarımda","Ply Cutter'da","Üretimde","Kalitede (Üretim sonrası)","Talaşlıda","Kalitede (Talaşlı sonrası)","Montajda","Kalitede (Montaj sonrası)","Boyada","Kalitede (Boya sonrası)","Yarı Mamülde","KM'de"})))))) -> Kapandı – Yarı Mamül | AA10: =IF(OR(B10="",F10=""),"",IFERROR(IF(S10<>"",S10-F10,IF(T10<>"",T10-F10,TODAY()-F10)),"")) -> 3 | AD10: =IF(OR($B10="",NOT(ISNUMBER(G10))),"",IF(COUNTIF(H10:$T10,G10)>0,0,IF(COUNTIF($G10:$T10,">"&G10)=0,"",SMALL($G10:$T10,COUNTIF($G10:$T10,"<="&G10)+1)-G10))) | AE10: =IF(OR($B10="",NOT(ISNUMBER(H10))),"",IF(COUNTIF(I10:$T10,H10)>0,0,IF(COUNTIF($G10:$T10,">"&H10)=0,"",SMALL($G10:$T10,COUNTIF($G10:$T10,"<="&H10)+1)-H10))) | AF10: =IF(OR($B10="",NOT(ISNUMBER(I10))),"",IF(COUNTIF(J10:$T10,I10)>0,0,IF(COUNTIF($G10:$T10,">"&I10)=0,"",SMALL($G10:$T10,COUNTIF($G10:$T10,"<="&I10)+1)-I10))) -> 2 | AG10: =IF(OR($B10="",NOT(ISNUMBER(J10))),"",IF(COUNTIF(K10:$T10,J10)>0,0,IF(COUNTIF($G10:$T10,">"&J10)=0,"",SMALL($G10:$T10,COUNTIF($G10:$T10,"<="&J10)+1)-J10))) -> 1 | AH10: =IF(OR($B10="",NOT(ISNUMBER(K10))),"",IF(COUNTIF(L10:$T10,K10)>0,0,IF(COUNTIF($G10:$T10,">"&K10)=0,"",SMALL($G10:$T10,COUNTIF($G10:$T10,"<="&K10)+1)-K10))) | AI10: =IF(OR($B10="",NOT(ISNUMBER(L10))),"",IF(COUNTIF(M10:$T10,L10)>0,0,IF(COUNTIF($G10:$T10,">"&L10)=0,"",SMALL($G10:$T10,COUNTIF($G10:$T10,"<="&L10)+1)-L10))) | AJ10: =IF(OR($B10="",NOT(ISNUMBER(M10))),"",IF(COUNTIF(N10:$T10,M10)>0,0,IF(COUNTIF($G10:$T10,">"&M10)=0,"",SMALL($G10:$T10,COUNTIF($G10:$T10,"<="&M10)+1)-M10))) | AK10: =IF(OR($B10="",NOT(ISNUMBER(N10))),"",IF(COUNTIF(O10:$T10,N10)>0,0,IF(COUNTIF($G10:$T10,">"&N10)=0,"",SMALL($G10:$T10,COUNTIF($G10:$T10,"<="&N10)+1)-N10))) | ... AO10: =IF(OR($B10="",NOT(ISNUMBER(R10))),"",IF(COUNTIF(S10:$T10,R10)>0,0,IF(COUNTIF($G10:$T10,">"&R10)=0,"",SMALL($G10:$T10,COUNTIF($G10:$T10,"<="&R10)+1)-R10))) | AP10: =IF(OR($B10="",Z10="",Z10="Başlamadı",Z10="Sevk Edildi",Z10="Reworkte",LEFT(Z10,7)="Kapandı"),0,TODAY()-MAX($G10:$R10)) -> 0 | AQ10: =IF(AND(ISNUMBER(G10),ISNUMBER(AD10)),G10+AD10,"") | AR10: =IF(AND(ISNUMBER(H10),ISNUMBER(AE10)),H10+AE10,"") | AS10: =IF(AND(ISNUMBER(I10),ISNUMBER(AF10)),I10+AF10,"") -> 46290 | AT10: =IF(AND(ISNUMBER(J10),ISNUMBER(AG10)),J10+AG10,"") -> 46291 | AU10: =IF(AND(ISNUMBER(K10),ISNUMBER(AH10)),K10+AH10,"") | AV10: =IF(AND(ISNUMBER(L10),ISNUMBER(AI10)),L10+AI10,"") | AW10: =IF(AND(ISNUMBER(M10),ISNUMBER(AJ10)),M10+AJ10,"") | AX10: =IF(AND(ISNUMBER(N10),ISNUMBER(AK10)),N10+AK10,"") | ... BB10: =IF(AND(ISNUMBER(R10),ISNUMBER(AO10)),R10+AO10,"") | BC10: =IF(AND(S10="",T10=""),"",MIN(S10,T10)) -> 46291
A11: =IF(B11="","",ROW()-2) -> 9 | B11: M42995 | C11: MN-7637-0011-B - 1 - RADOM KOMPOZIT BANT 7 SERIM | D11: =IFERROR(VALUE(TRIM(MID(C11,FIND(" - ",C11)+3,FIND(" - ",C11,FIND(" - ",C11)+3)-FIND(" - ",C11)-3))),"") -> 1 | E11: AYÇA GÖK | F11: 46288 | I11: 46289 | J11: 46290 | Q11: 46291 | T11: 46291 | Z11: =IF(B11="","",IF(S11<>"","Sevk Edildi",IF(AND(X11<>"",Y11=""),"Reworkte",IF(T11<>"","Kapandı"&IF(COUNT(G11:R11)=0,""," – "&LOOKUP(2,1/(G11:R11=MAX(G11:R11)),{"Tasarım","Ply Cutter","Üretim","Kalite (Üretim sonrası)","Talaşlı","Kalite (Talaşlı sonrası)","Montaj","Kalite (Montaj sonrası)","Boya","Kalite (Boya sonrası)","Yarı Mamül","KM"})),IF(COUNT(G11:R11)=0,"Başlamadı",LOOKUP(2,1/(G11:R11=MAX(G11:R11)),{"Tasarımda","Ply Cutter'da","Üretimde","Kalitede (Üretim sonrası)","Talaşlıda","Kalitede (Talaşlı sonrası)","Montajda","Kalitede (Montaj sonrası)","Boyada","Kalitede (Boya sonrası)","Yarı Mamülde","KM'de"})))))) -> Kapandı – Yarı Mamül | AA11: =IF(OR(B11="",F11=""),"",IFERROR(IF(S11<>"",S11-F11,IF(T11<>"",T11-F11,TODAY()-F11)),"")) -> 3 | AD11: =IF(OR($B11="",NOT(ISNUMBER(G11))),"",IF(COUNTIF(H11:$T11,G11)>0,0,IF(COUNTIF($G11:$T11,">"&G11)=0,"",SMALL($G11:$T11,COUNTIF($G11:$T11,"<="&G11)+1)-G11))) | AE11: =IF(OR($B11="",NOT(ISNUMBER(H11))),"",IF(COUNTIF(I11:$T11,H11)>0,0,IF(COUNTIF($G11:$T11,">"&H11)=0,"",SMALL($G11:$T11,COUNTIF($G11:$T11,"<="&H11)+1)-H11))) | AF11: =IF(OR($B11="",NOT(ISNUMBER(I11))),"",IF(COUNTIF(J11:$T11,I11)>0,0,IF(COUNTIF($G11:$T11,">"&I11)=0,"",SMALL($G11:$T11,COUNTIF($G11:$T11,"<="&I11)+1)-I11))) -> 1 | AG11: =IF(OR($B11="",NOT(ISNUMBER(J11))),"",IF(COUNTIF(K11:$T11,J11)>0,0,IF(COUNTIF($G11:$T11,">"&J11)=0,"",SMALL($G11:$T11,COUNTIF($G11:$T11,"<="&J11)+1)-J11))) -> 1 | AH11: =IF(OR($B11="",NOT(ISNUMBER(K11))),"",IF(COUNTIF(L11:$T11,K11)>0,0,IF(COUNTIF($G11:$T11,">"&K11)=0,"",SMALL($G11:$T11,COUNTIF($G11:$T11,"<="&K11)+1)-K11))) | AI11: =IF(OR($B11="",NOT(ISNUMBER(L11))),"",IF(COUNTIF(M11:$T11,L11)>0,0,IF(COUNTIF($G11:$T11,">"&L11)=0,"",SMALL($G11:$T11,COUNTIF($G11:$T11,"<="&L11)+1)-L11))) | AJ11: =IF(OR($B11="",NOT(ISNUMBER(M11))),"",IF(COUNTIF(N11:$T11,M11)>0,0,IF(COUNTIF($G11:$T11,">"&M11)=0,"",SMALL($G11:$T11,COUNTIF($G11:$T11,"<="&M11)+1)-M11))) | AK11: =IF(OR($B11="",NOT(ISNUMBER(N11))),"",IF(COUNTIF(O11:$T11,N11)>0,0,IF(COUNTIF($G11:$T11,">"&N11)=0,"",SMALL($G11:$T11,COUNTIF($G11:$T11,"<="&N11)+1)-N11))) | ... AO11: =IF(OR($B11="",NOT(ISNUMBER(R11))),"",IF(COUNTIF(S11:$T11,R11)>0,0,IF(COUNTIF($G11:$T11,">"&R11)=0,"",SMALL($G11:$T11,COUNTIF($G11:$T11,"<="&R11)+1)-R11))) | AP11: =IF(OR($B11="",Z11="",Z11="Başlamadı",Z11="Sevk Edildi",Z11="Reworkte",LEFT(Z11,7)="Kapandı"),0,TODAY()-MAX($G11:$R11)) -> 0 | AQ11: =IF(AND(ISNUMBER(G11),ISNUMBER(AD11)),G11+AD11,"") | AR11: =IF(AND(ISNUMBER(H11),ISNUMBER(AE11)),H11+AE11,"") | AS11: =IF(AND(ISNUMBER(I11),ISNUMBER(AF11)),I11+AF11,"") -> 46290 | AT11: =IF(AND(ISNUMBER(J11),ISNUMBER(AG11)),J11+AG11,"") -> 46291 | AU11: =IF(AND(ISNUMBER(K11),ISNUMBER(AH11)),K11+AH11,"") | AV11: =IF(AND(ISNUMBER(L11),ISNUMBER(AI11)),L11+AI11,"") | AW11: =IF(AND(ISNUMBER(M11),ISNUMBER(AJ11)),M11+AJ11,"") | AX11: =IF(AND(ISNUMBER(N11),ISNUMBER(AK11)),N11+AK11,"") | ... BB11: =IF(AND(ISNUMBER(R11),ISNUMBER(AO11)),R11+AO11,"") | BC11: =IF(AND(S11="",T11=""),"",MIN(S11,T11)) -> 46291
A12: =IF(B12="","",ROW()-2) -> 10 | B12: M42985 | C12: SOM0007-B - 1 - SOM-SAG KANAT LAY UP | D12: =IFERROR(VALUE(TRIM(MID(C12,FIND(" - ",C12)+3,FIND(" - ",C12,FIND(" - ",C12)+3)-FIND(" - ",C12)-3))),"") -> 1 | E12: AYÇA GÖK | F12: 46288 | I12: 46288 | J12: 46290 | T12: 46290 | Z12: =IF(B12="","",IF(S12<>"","Sevk Edildi",IF(AND(X12<>"",Y12=""),"Reworkte",IF(T12<>"","Kapandı"&IF(COUNT(G12:R12)=0,""," – "&LOOKUP(2,1/(G12:R12=MAX(G12:R12)),{"Tasarım","Ply Cutter","Üretim","Kalite (Üretim sonrası)","Talaşlı","Kalite (Talaşlı sonrası)","Montaj","Kalite (Montaj sonrası)","Boya","Kalite (Boya sonrası)","Yarı Mamül","KM"})),IF(COUNT(G12:R12)=0,"Başlamadı",LOOKUP(2,1/(G12:R12=MAX(G12:R12)),{"Tasarımda","Ply Cutter'da","Üretimde","Kalitede (Üretim sonrası)","Talaşlıda","Kalitede (Talaşlı sonrası)","Montajda","Kalitede (Montaj sonrası)","Boyada","Kalitede (Boya sonrası)","Yarı Mamülde","KM'de"})))))) -> Kapandı – Kalite (Üretim sonrası) | AA12: =IF(OR(B12="",F12=""),"",IFERROR(IF(S12<>"",S12-F12,IF(T12<>"",T12-F12,TODAY()-F12)),"")) -> 2 | AD12: =IF(OR($B12="",NOT(ISNUMBER(G12))),"",IF(COUNTIF(H12:$T12,G12)>0,0,IF(COUNTIF($G12:$T12,">"&G12)=0,"",SMALL($G12:$T12,COUNTIF($G12:$T12,"<="&G12)+1)-G12))) | AE12: =IF(OR($B12="",NOT(ISNUMBER(H12))),"",IF(COUNTIF(I12:$T12,H12)>0,0,IF(COUNTIF($G12:$T12,">"&H12)=0,"",SMALL($G12:$T12,COUNTIF($G12:$T12,"<="&H12)+1)-H12))) | AF12: =IF(OR($B12="",NOT(ISNUMBER(I12))),"",IF(COUNTIF(J12:$T12,I12)>0,0,IF(COUNTIF($G12:$T12,">"&I12)=0,"",SMALL($G12:$T12,COUNTIF($G12:$T12,"<="&I12)+1)-I12))) -> 2 | AG12: =IF(OR($B12="",NOT(ISNUMBER(J12))),"",IF(COUNTIF(K12:$T12,J12)>0,0,IF(COUNTIF($G12:$T12,">"&J12)=0,"",SMALL($G12:$T12,COUNTIF($G12:$T12,"<="&J12)+1)-J12))) -> 0 | AH12: =IF(OR($B12="",NOT(ISNUMBER(K12))),"",IF(COUNTIF(L12:$T12,K12)>0,0,IF(COUNTIF($G12:$T12,">"&K12)=0,"",SMALL($G12:$T12,COUNTIF($G12:$T12,"<="&K12)+1)-K12))) | AI12: =IF(OR($B12="",NOT(ISNUMBER(L12))),"",IF(COUNTIF(M12:$T12,L12)>0,0,IF(COUNTIF($G12:$T12,">"&L12)=0,"",SMALL($G12:$T12,COUNTIF($G12:$T12,"<="&L12)+1)-L12))) | AJ12: =IF(OR($B12="",NOT(ISNUMBER(M12))),"",IF(COUNTIF(N12:$T12,M12)>0,0,IF(COUNTIF($G12:$T12,">"&M12)=0,"",SMALL($G12:$T12,COUNTIF($G12:$T12,"<="&M12)+1)-M12))) | AK12: =IF(OR($B12="",NOT(ISNUMBER(N12))),"",IF(COUNTIF(O12:$T12,N12)>0,0,IF(COUNTIF($G12:$T12,">"&N12)=0,"",SMALL($G12:$T12,COUNTIF($G12:$T12,"<="&N12)+1)-N12))) | ... AO12: =IF(OR($B12="",NOT(ISNUMBER(R12))),"",IF(COUNTIF(S12:$T12,R12)>0,0,IF(COUNTIF($G12:$T12,">"&R12)=0,"",SMALL($G12:$T12,COUNTIF($G12:$T12,"<="&R12)+1)-R12))) | AP12: =IF(OR($B12="",Z12="",Z12="Başlamadı",Z12="Sevk Edildi",Z12="Reworkte",LEFT(Z12,7)="Kapandı"),0,TODAY()-MAX($G12:$R12)) -> 0 | AQ12: =IF(AND(ISNUMBER(G12),ISNUMBER(AD12)),G12+AD12,"") | AR12: =IF(AND(ISNUMBER(H12),ISNUMBER(AE12)),H12+AE12,"") | AS12: =IF(AND(ISNUMBER(I12),ISNUMBER(AF12)),I12+AF12,"") -> 46290 | AT12: =IF(AND(ISNUMBER(J12),ISNUMBER(AG12)),J12+AG12,"") -> 46290 | AU12: =IF(AND(ISNUMBER(K12),ISNUMBER(AH12)),K12+AH12,"") | AV12: =IF(AND(ISNUMBER(L12),ISNUMBER(AI12)),L12+AI12,"") | AW12: =IF(AND(ISNUMBER(M12),ISNUMBER(AJ12)),M12+AJ12,"") | AX12: =IF(AND(ISNUMBER(N12),ISNUMBER(AK12)),N12+AK12,"") | ... BB12: =IF(AND(ISNUMBER(R12),ISNUMBER(AO12)),R12+AO12,"") | BC12: =IF(AND(S12="",T12=""),"",MIN(S12,T12)) -> 46290
A13: =IF(B13="","",ROW()-2) -> 11 | B13: M42996 | C13: 00190331-B - 1 - HAVA ALIGI KAPAGI SERIM | D13: =IFERROR(VALUE(TRIM(MID(C13,FIND(" - ",C13)+3,FIND(" - ",C13,FIND(" - ",C13)+3)-FIND(" - ",C13)-3))),"") -> 1 | E13: AYÇA GÖK | F13: 46288 | I13: 46288 | J13: 46290 | Q13: 46296 | T13: 46296 | Z13: =IF(B13="","",IF(S13<>"","Sevk Edildi",IF(AND(X13<>"",Y13=""),"Reworkte",IF(T13<>"","Kapandı"&IF(COUNT(G13:R13)=0,""," – "&LOOKUP(2,1/(G13:R13=MAX(G13:R13)),{"Tasarım","Ply Cutter","Üretim","Kalite (Üretim sonrası)","Talaşlı","Kalite (Talaşlı sonrası)","Montaj","Kalite (Montaj sonrası)","Boya","Kalite (Boya sonrası)","Yarı Mamül","KM"})),IF(COUNT(G13:R13)=0,"Başlamadı",LOOKUP(2,1/(G13:R13=MAX(G13:R13)),{"Tasarımda","Ply Cutter'da","Üretimde","Kalitede (Üretim sonrası)","Talaşlıda","Kalitede (Talaşlı sonrası)","Montajda","Kalitede (Montaj sonrası)","Boyada","Kalitede (Boya sonrası)","Yarı Mamülde","KM'de"})))))) -> Kapandı – Yarı Mamül | AA13: =IF(OR(B13="",F13=""),"",IFERROR(IF(S13<>"",S13-F13,IF(T13<>"",T13-F13,TODAY()-F13)),"")) -> 8 | AD13: =IF(OR($B13="",NOT(ISNUMBER(G13))),"",IF(COUNTIF(H13:$T13,G13)>0,0,IF(COUNTIF($G13:$T13,">"&G13)=0,"",SMALL($G13:$T13,COUNTIF($G13:$T13,"<="&G13)+1)-G13))) | AE13: =IF(OR($B13="",NOT(ISNUMBER(H13))),"",IF(COUNTIF(I13:$T13,H13)>0,0,IF(COUNTIF($G13:$T13,">"&H13)=0,"",SMALL($G13:$T13,COUNTIF($G13:$T13,"<="&H13)+1)-H13))) | AF13: =IF(OR($B13="",NOT(ISNUMBER(I13))),"",IF(COUNTIF(J13:$T13,I13)>0,0,IF(COUNTIF($G13:$T13,">"&I13)=0,"",SMALL($G13:$T13,COUNTIF($G13:$T13,"<="&I13)+1)-I13))) -> 2 | AG13: =IF(OR($B13="",NOT(ISNUMBER(J13))),"",IF(COUNTIF(K13:$T13,J13)>0,0,IF(COUNTIF($G13:$T13,">"&J13)=0,"",SMALL($G13:$T13,COUNTIF($G13:$T13,"<="&J13)+1)-J13))) -> 6 | AH13: =IF(OR($B13="",NOT(ISNUMBER(K13))),"",IF(COUNTIF(L13:$T13,K13)>0,0,IF(COUNTIF($G13:$T13,">"&K13)=0,"",SMALL($G13:$T13,COUNTIF($G13:$T13,"<="&K13)+1)-K13))) | AI13: =IF(OR($B13="",NOT(ISNUMBER(L13))),"",IF(COUNTIF(M13:$T13,L13)>0,0,IF(COUNTIF($G13:$T13,">"&L13)=0,"",SMALL($G13:$T13,COUNTIF($G13:$T13,"<="&L13)+1)-L13))) | AJ13: =IF(OR($B13="",NOT(ISNUMBER(M13))),"",IF(COUNTIF(N13:$T13,M13)>0,0,IF(COUNTIF($G13:$T13,">"&M13)=0,"",SMALL($G13:$T13,COUNTIF($G13:$T13,"<="&M13)+1)-M13))) | AK13: =IF(OR($B13="",NOT(ISNUMBER(N13))),"",IF(COUNTIF(O13:$T13,N13)>0,0,IF(COUNTIF($G13:$T13,">"&N13)=0,"",SMALL($G13:$T13,COUNTIF($G13:$T13,"<="&N13)+1)-N13))) | ... AO13: =IF(OR($B13="",NOT(ISNUMBER(R13))),"",IF(COUNTIF(S13:$T13,R13)>0,0,IF(COUNTIF($G13:$T13,">"&R13)=0,"",SMALL($G13:$T13,COUNTIF($G13:$T13,"<="&R13)+1)-R13))) | AP13: =IF(OR($B13="",Z13="",Z13="Başlamadı",Z13="Sevk Edildi",Z13="Reworkte",LEFT(Z13,7)="Kapandı"),0,TODAY()-MAX($G13:$R13)) -> 0 | AQ13: =IF(AND(ISNUMBER(G13),ISNUMBER(AD13)),G13+AD13,"") | AR13: =IF(AND(ISNUMBER(H13),ISNUMBER(AE13)),H13+AE13,"") | AS13: =IF(AND(ISNUMBER(I13),ISNUMBER(AF13)),I13+AF13,"") -> 46290 | AT13: =IF(AND(ISNUMBER(J13),ISNUMBER(AG13)),J13+AG13,"") -> 46296 | AU13: =IF(AND(ISNUMBER(K13),ISNUMBER(AH13)),K13+AH13,"") | AV13: =IF(AND(ISNUMBER(L13),ISNUMBER(AI13)),L13+AI13,"") | AW13: =IF(AND(ISNUMBER(M13),ISNUMBER(AJ13)),M13+AJ13,"") | AX13: =IF(AND(ISNUMBER(N13),ISNUMBER(AK13)),N13+AK13,"") | ... BB13: =IF(AND(ISNUMBER(R13),ISNUMBER(AO13)),R13+AO13,"") | BC13: =IF(AND(S13="",T13=""),"",MIN(S13,T13)) -> 46296
A14: =IF(B14="","",ROW()-2) -> 12 | B14: M42997 | C14: SOM0007-D - 1 - SOM SAG KANAT MONTAJ | D14: =IFERROR(VALUE(TRIM(MID(C14,FIND(" - ",C14)+3,FIND(" - ",C14,FIND(" - ",C14)+3)-FIND(" - ",C14)-3))),"") -> 1 | E14: AYÇA GÖK | F14: 46288 | M14: 46288 | N14: 46291 | T14: 46291 | Z14: =IF(B14="","",IF(S14<>"","Sevk Edildi",IF(AND(X14<>"",Y14=""),"Reworkte",IF(T14<>"","Kapandı"&IF(COUNT(G14:R14)=0,""," – "&LOOKUP(2,1/(G14:R14=MAX(G14:R14)),{"Tasarım","Ply Cutter","Üretim","Kalite (Üretim sonrası)","Talaşlı","Kalite (Talaşlı sonrası)","Montaj","Kalite (Montaj sonrası)","Boya","Kalite (Boya sonrası)","Yarı Mamül","KM"})),IF(COUNT(G14:R14)=0,"Başlamadı",LOOKUP(2,1/(G14:R14=MAX(G14:R14)),{"Tasarımda","Ply Cutter'da","Üretimde","Kalitede (Üretim sonrası)","Talaşlıda","Kalitede (Talaşlı sonrası)","Montajda","Kalitede (Montaj sonrası)","Boyada","Kalitede (Boya sonrası)","Yarı Mamülde","KM'de"})))))) -> Kapandı – Kalite (Montaj sonrası) | AA14: =IF(OR(B14="",F14=""),"",IFERROR(IF(S14<>"",S14-F14,IF(T14<>"",T14-F14,TODAY()-F14)),"")) -> 3 | AD14: =IF(OR($B14="",NOT(ISNUMBER(G14))),"",IF(COUNTIF(H14:$T14,G14)>0,0,IF(COUNTIF($G14:$T14,">"&G14)=0,"",SMALL($G14:$T14,COUNTIF($G14:$T14,"<="&G14)+1)-G14))) | AE14: =IF(OR($B14="",NOT(ISNUMBER(H14))),"",IF(COUNTIF(I14:$T14,H14)>0,0,IF(COUNTIF($G14:$T14,">"&H14)=0,"",SMALL($G14:$T14,COUNTIF($G14:$T14,"<="&H14)+1)-H14))) | AF14: =IF(OR($B14="",NOT(ISNUMBER(I14))),"",IF(COUNTIF(J14:$T14,I14)>0,0,IF(COUNTIF($G14:$T14,">"&I14)=0,"",SMALL($G14:$T14,COUNTIF($G14:$T14,"<="&I14)+1)-I14))) | AG14: =IF(OR($B14="",NOT(ISNUMBER(J14))),"",IF(COUNTIF(K14:$T14,J14)>0,0,IF(COUNTIF($G14:$T14,">"&J14)=0,"",SMALL($G14:$T14,COUNTIF($G14:$T14,"<="&J14)+1)-J14))) | AH14: =IF(OR($B14="",NOT(ISNUMBER(K14))),"",IF(COUNTIF(L14:$T14,K14)>0,0,IF(COUNTIF($G14:$T14,">"&K14)=0,"",SMALL($G14:$T14,COUNTIF($G14:$T14,"<="&K14)+1)-K14))) | AI14: =IF(OR($B14="",NOT(ISNUMBER(L14))),"",IF(COUNTIF(M14:$T14,L14)>0,0,IF(COUNTIF($G14:$T14,">"&L14)=0,"",SMALL($G14:$T14,COUNTIF($G14:$T14,"<="&L14)+1)-L14))) | AJ14: =IF(OR($B14="",NOT(ISNUMBER(M14))),"",IF(COUNTIF(N14:$T14,M14)>0,0,IF(COUNTIF($G14:$T14,">"&M14)=0,"",SMALL($G14:$T14,COUNTIF($G14:$T14,"<="&M14)+1)-M14))) -> 3 | AK14: =IF(OR($B14="",NOT(ISNUMBER(N14))),"",IF(COUNTIF(O14:$T14,N14)>0,0,IF(COUNTIF($G14:$T14,">"&N14)=0,"",SMALL($G14:$T14,COUNTIF($G14:$T14,"<="&N14)+1)-N14))) -> 0 | ... AO14: =IF(OR($B14="",NOT(ISNUMBER(R14))),"",IF(COUNTIF(S14:$T14,R14)>0,0,IF(COUNTIF($G14:$T14,">"&R14)=0,"",SMALL($G14:$T14,COUNTIF($G14:$T14,"<="&R14)+1)-R14))) | AP14: =IF(OR($B14="",Z14="",Z14="Başlamadı",Z14="Sevk Edildi",Z14="Reworkte",LEFT(Z14,7)="Kapandı"),0,TODAY()-MAX($G14:$R14)) -> 0 | AQ14: =IF(AND(ISNUMBER(G14),ISNUMBER(AD14)),G14+AD14,"") | AR14: =IF(AND(ISNUMBER(H14),ISNUMBER(AE14)),H14+AE14,"") | AS14: =IF(AND(ISNUMBER(I14),ISNUMBER(AF14)),I14+AF14,"") | AT14: =IF(AND(ISNUMBER(J14),ISNUMBER(AG14)),J14+AG14,"") | AU14: =IF(AND(ISNUMBER(K14),ISNUMBER(AH14)),K14+AH14,"") | AV14: =IF(AND(ISNUMBER(L14),ISNUMBER(AI14)),L14+AI14,"") | AW14: =IF(AND(ISNUMBER(M14),ISNUMBER(AJ14)),M14+AJ14,"") -> 46291 | AX14: =IF(AND(ISNUMBER(N14),ISNUMBER(AK14)),N14+AK14,"") -> 46291 | ... BB14: =IF(AND(ISNUMBER(R14),ISNUMBER(AO14)),R14+AO14,"") | BC14: =IF(AND(S14="",T14=""),"",MIN(S14,T14)) -> 46291
A15: =IF(B15="","",ROW()-2) -> 13 | B15: M42998 | C15: SOM0010-D - 1 - SOM SOL KANAT MONTAJ | D15: =IFERROR(VALUE(TRIM(MID(C15,FIND(" - ",C15)+3,FIND(" - ",C15,FIND(" - ",C15)+3)-FIND(" - ",C15)-3))),"") -> 1 | E15: AYÇA GÖK | F15: 46288 | M15: 46288 | N15: 46291 | T15: 46291 | Z15: =IF(B15="","",IF(S15<>"","Sevk Edildi",IF(AND(X15<>"",Y15=""),"Reworkte",IF(T15<>"","Kapandı"&IF(COUNT(G15:R15)=0,""," – "&LOOKUP(2,1/(G15:R15=MAX(G15:R15)),{"Tasarım","Ply Cutter","Üretim","Kalite (Üretim sonrası)","Talaşlı","Kalite (Talaşlı sonrası)","Montaj","Kalite (Montaj sonrası)","Boya","Kalite (Boya sonrası)","Yarı Mamül","KM"})),IF(COUNT(G15:R15)=0,"Başlamadı",LOOKUP(2,1/(G15:R15=MAX(G15:R15)),{"Tasarımda","Ply Cutter'da","Üretimde","Kalitede (Üretim sonrası)","Talaşlıda","Kalitede (Talaşlı sonrası)","Montajda","Kalitede (Montaj sonrası)","Boyada","Kalitede (Boya sonrası)","Yarı Mamülde","KM'de"})))))) -> Kapandı – Kalite (Montaj sonrası) | AA15: =IF(OR(B15="",F15=""),"",IFERROR(IF(S15<>"",S15-F15,IF(T15<>"",T15-F15,TODAY()-F15)),"")) -> 3 | AD15: =IF(OR($B15="",NOT(ISNUMBER(G15))),"",IF(COUNTIF(H15:$T15,G15)>0,0,IF(COUNTIF($G15:$T15,">"&G15)=0,"",SMALL($G15:$T15,COUNTIF($G15:$T15,"<="&G15)+1)-G15))) | AE15: =IF(OR($B15="",NOT(ISNUMBER(H15))),"",IF(COUNTIF(I15:$T15,H15)>0,0,IF(COUNTIF($G15:$T15,">"&H15)=0,"",SMALL($G15:$T15,COUNTIF($G15:$T15,"<="&H15)+1)-H15))) | AF15: =IF(OR($B15="",NOT(ISNUMBER(I15))),"",IF(COUNTIF(J15:$T15,I15)>0,0,IF(COUNTIF($G15:$T15,">"&I15)=0,"",SMALL($G15:$T15,COUNTIF($G15:$T15,"<="&I15)+1)-I15))) | AG15: =IF(OR($B15="",NOT(ISNUMBER(J15))),"",IF(COUNTIF(K15:$T15,J15)>0,0,IF(COUNTIF($G15:$T15,">"&J15)=0,"",SMALL($G15:$T15,COUNTIF($G15:$T15,"<="&J15)+1)-J15))) | AH15: =IF(OR($B15="",NOT(ISNUMBER(K15))),"",IF(COUNTIF(L15:$T15,K15)>0,0,IF(COUNTIF($G15:$T15,">"&K15)=0,"",SMALL($G15:$T15,COUNTIF($G15:$T15,"<="&K15)+1)-K15))) | AI15: =IF(OR($B15="",NOT(ISNUMBER(L15))),"",IF(COUNTIF(M15:$T15,L15)>0,0,IF(COUNTIF($G15:$T15,">"&L15)=0,"",SMALL($G15:$T15,COUNTIF($G15:$T15,"<="&L15)+1)-L15))) | AJ15: =IF(OR($B15="",NOT(ISNUMBER(M15))),"",IF(COUNTIF(N15:$T15,M15)>0,0,IF(COUNTIF($G15:$T15,">"&M15)=0,"",SMALL($G15:$T15,COUNTIF($G15:$T15,"<="&M15)+1)-M15))) -> 3 | AK15: =IF(OR($B15="",NOT(ISNUMBER(N15))),"",IF(COUNTIF(O15:$T15,N15)>0,0,IF(COUNTIF($G15:$T15,">"&N15)=0,"",SMALL($G15:$T15,COUNTIF($G15:$T15,"<="&N15)+1)-N15))) -> 0 | ... AO15: =IF(OR($B15="",NOT(ISNUMBER(R15))),"",IF(COUNTIF(S15:$T15,R15)>0,0,IF(COUNTIF($G15:$T15,">"&R15)=0,"",SMALL($G15:$T15,COUNTIF($G15:$T15,"<="&R15)+1)-R15))) | AP15: =IF(OR($B15="",Z15="",Z15="Başlamadı",Z15="Sevk Edildi",Z15="Reworkte",LEFT(Z15,7)="Kapandı"),0,TODAY()-MAX($G15:$R15)) -> 0 | AQ15: =IF(AND(ISNUMBER(G15),ISNUMBER(AD15)),G15+AD15,"") | AR15: =IF(AND(ISNUMBER(H15),ISNUMBER(AE15)),H15+AE15,"") | AS15: =IF(AND(ISNUMBER(I15),ISNUMBER(AF15)),I15+AF15,"") | AT15: =IF(AND(ISNUMBER(J15),ISNUMBER(AG15)),J15+AG15,"") | AU15: =IF(AND(ISNUMBER(K15),ISNUMBER(AH15)),K15+AH15,"") | AV15: =IF(AND(ISNUMBER(L15),ISNUMBER(AI15)),L15+AI15,"") | AW15: =IF(AND(ISNUMBER(M15),ISNUMBER(AJ15)),M15+AJ15,"") -> 46291 | AX15: =IF(AND(ISNUMBER(N15),ISNUMBER(AK15)),N15+AK15,"") -> 46291 | ... BB15: =IF(AND(ISNUMBER(R15),ISNUMBER(AO15)),R15+AO15,"") | BC15: =IF(AND(S15="",T15=""),"",MIN(S15,T15)) -> 46291
A16: =IF(B16="","",ROW()-2) -> 14 | B16: M42999 | C16: 00043946-B - 1 - RAMPA-HA -LAY UP | D16: =IFERROR(VALUE(TRIM(MID(C16,FIND(" - ",C16)+3,FIND(" - ",C16,FIND(" - ",C16)+3)-FIND(" - ",C16)-3))),"") -> 1 | E16: AYÇA GÖK | F16: 46288 | I16: 46288 | J16: 46290 | Q16: 46291 | T16: 46291 | Z16: =IF(B16="","",IF(S16<>"","Sevk Edildi",IF(AND(X16<>"",Y16=""),"Reworkte",IF(T16<>"","Kapandı"&IF(COUNT(G16:R16)=0,""," – "&LOOKUP(2,1/(G16:R16=MAX(G16:R16)),{"Tasarım","Ply Cutter","Üretim","Kalite (Üretim sonrası)","Talaşlı","Kalite (Talaşlı sonrası)","Montaj","Kalite (Montaj sonrası)","Boya","Kalite (Boya sonrası)","Yarı Mamül","KM"})),IF(COUNT(G16:R16)=0,"Başlamadı",LOOKUP(2,1/(G16:R16=MAX(G16:R16)),{"Tasarımda","Ply Cutter'da","Üretimde","Kalitede (Üretim sonrası)","Talaşlıda","Kalitede (Talaşlı sonrası)","Montajda","Kalitede (Montaj sonrası)","Boyada","Kalitede (Boya sonrası)","Yarı Mamülde","KM'de"})))))) -> Kapandı – Yarı Mamül | AA16: =IF(OR(B16="",F16=""),"",IFERROR(IF(S16<>"",S16-F16,IF(T16<>"",T16-F16,TODAY()-F16)),"")) -> 3 | AD16: =IF(OR($B16="",NOT(ISNUMBER(G16))),"",IF(COUNTIF(H16:$T16,G16)>0,0,IF(COUNTIF($G16:$T16,">"&G16)=0,"",SMALL($G16:$T16,COUNTIF($G16:$T16,"<="&G16)+1)-G16))) | AE16: =IF(OR($B16="",NOT(ISNUMBER(H16))),"",IF(COUNTIF(I16:$T16,H16)>0,0,IF(COUNTIF($G16:$T16,">"&H16)=0,"",SMALL($G16:$T16,COUNTIF($G16:$T16,"<="&H16)+1)-H16))) | AF16: =IF(OR($B16="",NOT(ISNUMBER(I16))),"",IF(COUNTIF(J16:$T16,I16)>0,0,IF(COUNTIF($G16:$T16,">"&I16)=0,"",SMALL($G16:$T16,COUNTIF($G16:$T16,"<="&I16)+1)-I16))) -> 2 | AG16: =IF(OR($B16="",NOT(ISNUMBER(J16))),"",IF(COUNTIF(K16:$T16,J16)>0,0,IF(COUNTIF($G16:$T16,">"&J16)=0,"",SMALL($G16:$T16,COUNTIF($G16:$T16,"<="&J16)+1)-J16))) -> 1 | AH16: =IF(OR($B16="",NOT(ISNUMBER(K16))),"",IF(COUNTIF(L16:$T16,K16)>0,0,IF(COUNTIF($G16:$T16,">"&K16)=0,"",SMALL($G16:$T16,COUNTIF($G16:$T16,"<="&K16)+1)-K16))) | AI16: =IF(OR($B16="",NOT(ISNUMBER(L16))),"",IF(COUNTIF(M16:$T16,L16)>0,0,IF(COUNTIF($G16:$T16,">"&L16)=0,"",SMALL($G16:$T16,COUNTIF($G16:$T16,"<="&L16)+1)-L16))) | AJ16: =IF(OR($B16="",NOT(ISNUMBER(M16))),"",IF(COUNTIF(N16:$T16,M16)>0,0,IF(COUNTIF($G16:$T16,">"&M16)=0,"",SMALL($G16:$T16,COUNTIF($G16:$T16,"<="&M16)+1)-M16))) | AK16: =IF(OR($B16="",NOT(ISNUMBER(N16))),"",IF(COUNTIF(O16:$T16,N16)>0,0,IF(COUNTIF($G16:$T16,">"&N16)=0,"",SMALL($G16:$T16,COUNTIF($G16:$T16,"<="&N16)+1)-N16))) | ... AO16: =IF(OR($B16="",NOT(ISNUMBER(R16))),"",IF(COUNTIF(S16:$T16,R16)>0,0,IF(COUNTIF($G16:$T16,">"&R16)=0,"",SMALL($G16:$T16,COUNTIF($G16:$T16,"<="&R16)+1)-R16))) | AP16: =IF(OR($B16="",Z16="",Z16="Başlamadı",Z16="Sevk Edildi",Z16="Reworkte",LEFT(Z16,7)="Kapandı"),0,TODAY()-MAX($G16:$R16)) -> 0 | AQ16: =IF(AND(ISNUMBER(G16),ISNUMBER(AD16)),G16+AD16,"") | AR16: =IF(AND(ISNUMBER(H16),ISNUMBER(AE16)),H16+AE16,"") | AS16: =IF(AND(ISNUMBER(I16),ISNUMBER(AF16)),I16+AF16,"") -> 46290 | AT16: =IF(AND(ISNUMBER(J16),ISNUMBER(AG16)),J16+AG16,"") -> 46291 | AU16: =IF(AND(ISNUMBER(K16),ISNUMBER(AH16)),K16+AH16,"") | AV16: =IF(AND(ISNUMBER(L16),ISNUMBER(AI16)),L16+AI16,"") | AW16: =IF(AND(ISNUMBER(M16),ISNUMBER(AJ16)),M16+AJ16,"") | AX16: =IF(AND(ISNUMBER(N16),ISNUMBER(AK16)),N16+AK16,"") | ... BB16: =IF(AND(ISNUMBER(R16),ISNUMBER(AO16)),R16+AO16,"") | BC16: =IF(AND(S16="",T16=""),"",MIN(S16,T16)) -> 46291
A17: =IF(B17="","",ROW()-2) -> 15 | B17: M43000 | C17: 00043948-B - 1 - KAPORTA-HA LAY UP | D17: =IFERROR(VALUE(TRIM(MID(C17,FIND(" - ",C17)+3,FIND(" - ",C17,FIND(" - ",C17)+3)-FIND(" - ",C17)-3))),"") -> 1 | E17: AYÇA GÖK | F17: 46288 | I17: 46288 | J17: 46290 | Q17: 46291 | T17: 46291 | Z17: =IF(B17="","",IF(S17<>"","Sevk Edildi",IF(AND(X17<>"",Y17=""),"Reworkte",IF(T17<>"","Kapandı"&IF(COUNT(G17:R17)=0,""," – "&LOOKUP(2,1/(G17:R17=MAX(G17:R17)),{"Tasarım","Ply Cutter","Üretim","Kalite (Üretim sonrası)","Talaşlı","Kalite (Talaşlı sonrası)","Montaj","Kalite (Montaj sonrası)","Boya","Kalite (Boya sonrası)","Yarı Mamül","KM"})),IF(COUNT(G17:R17)=0,"Başlamadı",LOOKUP(2,1/(G17:R17=MAX(G17:R17)),{"Tasarımda","Ply Cutter'da","Üretimde","Kalitede (Üretim sonrası)","Talaşlıda","Kalitede (Talaşlı sonrası)","Montajda","Kalitede (Montaj sonrası)","Boyada","Kalitede (Boya sonrası)","Yarı Mamülde","KM'de"})))))) -> Kapandı – Yarı Mamül | AA17: =IF(OR(B17="",F17=""),"",IFERROR(IF(S17<>"",S17-F17,IF(T17<>"",T17-F17,TODAY()-F17)),"")) -> 3 | AD17: =IF(OR($B17="",NOT(ISNUMBER(G17))),"",IF(COUNTIF(H17:$T17,G17)>0,0,IF(COUNTIF($G17:$T17,">"&G17)=0,"",SMALL($G17:$T17,COUNTIF($G17:$T17,"<="&G17)+1)-G17))) | AE17: =IF(OR($B17="",NOT(ISNUMBER(H17))),"",IF(COUNTIF(I17:$T17,H17)>0,0,IF(COUNTIF($G17:$T17,">"&H17)=0,"",SMALL($G17:$T17,COUNTIF($G17:$T17,"<="&H17)+1)-H17))) | AF17: =IF(OR($B17="",NOT(ISNUMBER(I17))),"",IF(COUNTIF(J17:$T17,I17)>0,0,IF(COUNTIF($G17:$T17,">"&I17)=0,"",SMALL($G17:$T17,COUNTIF($G17:$T17,"<="&I17)+1)-I17))) -> 2 | AG17: =IF(OR($B17="",NOT(ISNUMBER(J17))),"",IF(COUNTIF(K17:$T17,J17)>0,0,IF(COUNTIF($G17:$T17,">"&J17)=0,"",SMALL($G17:$T17,COUNTIF($G17:$T17,"<="&J17)+1)-J17))) -> 1 | AH17: =IF(OR($B17="",NOT(ISNUMBER(K17))),"",IF(COUNTIF(L17:$T17,K17)>0,0,IF(COUNTIF($G17:$T17,">"&K17)=0,"",SMALL($G17:$T17,COUNTIF($G17:$T17,"<="&K17)+1)-K17))) | AI17: =IF(OR($B17="",NOT(ISNUMBER(L17))),"",IF(COUNTIF(M17:$T17,L17)>0,0,IF(COUNTIF($G17:$T17,">"&L17)=0,"",SMALL($G17:$T17,COUNTIF($G17:$T17,"<="&L17)+1)-L17))) | AJ17: =IF(OR($B17="",NOT(ISNUMBER(M17))),"",IF(COUNTIF(N17:$T17,M17)>0,0,IF(COUNTIF($G17:$T17,">"&M17)=0,"",SMALL($G17:$T17,COUNTIF($G17:$T17,"<="&M17)+1)-M17))) | AK17: =IF(OR($B17="",NOT(ISNUMBER(N17))),"",IF(COUNTIF(O17:$T17,N17)>0,0,IF(COUNTIF($G17:$T17,">"&N17)=0,"",SMALL($G17:$T17,COUNTIF($G17:$T17,"<="&N17)+1)-N17))) | ... AO17: =IF(OR($B17="",NOT(ISNUMBER(R17))),"",IF(COUNTIF(S17:$T17,R17)>0,0,IF(COUNTIF($G17:$T17,">"&R17)=0,"",SMALL($G17:$T17,COUNTIF($G17:$T17,"<="&R17)+1)-R17))) | AP17: =IF(OR($B17="",Z17="",Z17="Başlamadı",Z17="Sevk Edildi",Z17="Reworkte",LEFT(Z17,7)="Kapandı"),0,TODAY()-MAX($G17:$R17)) -> 0 | AQ17: =IF(AND(ISNUMBER(G17),ISNUMBER(AD17)),G17+AD17,"") | AR17: =IF(AND(ISNUMBER(H17),ISNUMBER(AE17)),H17+AE17,"") | AS17: =IF(AND(ISNUMBER(I17),ISNUMBER(AF17)),I17+AF17,"") -> 46290 | AT17: =IF(AND(ISNUMBER(J17),ISNUMBER(AG17)),J17+AG17,"") -> 46291 | AU17: =IF(AND(ISNUMBER(K17),ISNUMBER(AH17)),K17+AH17,"") | AV17: =IF(AND(ISNUMBER(L17),ISNUMBER(AI17)),L17+AI17,"") | AW17: =IF(AND(ISNUMBER(M17),ISNUMBER(AJ17)),M17+AJ17,"") | AX17: =IF(AND(ISNUMBER(N17),ISNUMBER(AK17)),N17+AK17,"") | ... BB17: =IF(AND(ISNUMBER(R17),ISNUMBER(AO17)),R17+AO17,"") | BC17: =IF(AND(S17="",T17=""),"",MIN(S17,T17)) -> 46291
A18: =IF(B18="","",ROW()-2) -> 16 | B18: M43001 | C18: SOM0001-B - 2 - SOM-KANATCIK ARTI EKSI LAY-UP | D18: =IFERROR(VALUE(TRIM(MID(C18,FIND(" - ",C18)+3,FIND(" - ",C18,FIND(" - ",C18)+3)-FIND(" - ",C18)-3))),"") -> 2 | E18: AYÇA GÖK | F18: 46288 | I18: 46288 | J18: 46291 | T18: 46291 | Z18: =IF(B18="","",IF(S18<>"","Sevk Edildi",IF(AND(X18<>"",Y18=""),"Reworkte",IF(T18<>"","Kapandı"&IF(COUNT(G18:R18)=0,""," – "&LOOKUP(2,1/(G18:R18=MAX(G18:R18)),{"Tasarım","Ply Cutter","Üretim","Kalite (Üretim sonrası)","Talaşlı","Kalite (Talaşlı sonrası)","Montaj","Kalite (Montaj sonrası)","Boya","Kalite (Boya sonrası)","Yarı Mamül","KM"})),IF(COUNT(G18:R18)=0,"Başlamadı",LOOKUP(2,1/(G18:R18=MAX(G18:R18)),{"Tasarımda","Ply Cutter'da","Üretimde","Kalitede (Üretim sonrası)","Talaşlıda","Kalitede (Talaşlı sonrası)","Montajda","Kalitede (Montaj sonrası)","Boyada","Kalitede (Boya sonrası)","Yarı Mamülde","KM'de"})))))) -> Kapandı – Kalite (Üretim sonrası) | AA18: =IF(OR(B18="",F18=""),"",IFERROR(IF(S18<>"",S18-F18,IF(T18<>"",T18-F18,TODAY()-F18)),"")) -> 3 | AD18: =IF(OR($B18="",NOT(ISNUMBER(G18))),"",IF(COUNTIF(H18:$T18,G18)>0,0,IF(COUNTIF($G18:$T18,">"&G18)=0,"",SMALL($G18:$T18,COUNTIF($G18:$T18,"<="&G18)+1)-G18))) | AE18: =IF(OR($B18="",NOT(ISNUMBER(H18))),"",IF(COUNTIF(I18:$T18,H18)>0,0,IF(COUNTIF($G18:$T18,">"&H18)=0,"",SMALL($G18:$T18,COUNTIF($G18:$T18,"<="&H18)+1)-H18))) | AF18: =IF(OR($B18="",NOT(ISNUMBER(I18))),"",IF(COUNTIF(J18:$T18,I18)>0,0,IF(COUNTIF($G18:$T18,">"&I18)=0,"",SMALL($G18:$T18,COUNTIF($G18:$T18,"<="&I18)+1)-I18))) -> 3 | AG18: =IF(OR($B18="",NOT(ISNUMBER(J18))),"",IF(COUNTIF(K18:$T18,J18)>0,0,IF(COUNTIF($G18:$T18,">"&J18)=0,"",SMALL($G18:$T18,COUNTIF($G18:$T18,"<="&J18)+1)-J18))) -> 0 | AH18: =IF(OR($B18="",NOT(ISNUMBER(K18))),"",IF(COUNTIF(L18:$T18,K18)>0,0,IF(COUNTIF($G18:$T18,">"&K18)=0,"",SMALL($G18:$T18,COUNTIF($G18:$T18,"<="&K18)+1)-K18))) | AI18: =IF(OR($B18="",NOT(ISNUMBER(L18))),"",IF(COUNTIF(M18:$T18,L18)>0,0,IF(COUNTIF($G18:$T18,">"&L18)=0,"",SMALL($G18:$T18,COUNTIF($G18:$T18,"<="&L18)+1)-L18))) | AJ18: =IF(OR($B18="",NOT(ISNUMBER(M18))),"",IF(COUNTIF(N18:$T18,M18)>0,0,IF(COUNTIF($G18:$T18,">"&M18)=0,"",SMALL($G18:$T18,COUNTIF($G18:$T18,"<="&M18)+1)-M18))) | AK18: =IF(OR($B18="",NOT(ISNUMBER(N18))),"",IF(COUNTIF(O18:$T18,N18)>0,0,IF(COUNTIF($G18:$T18,">"&N18)=0,"",SMALL($G18:$T18,COUNTIF($G18:$T18,"<="&N18)+1)-N18))) | ... AO18: =IF(OR($B18="",NOT(ISNUMBER(R18))),"",IF(COUNTIF(S18:$T18,R18)>0,0,IF(COUNTIF($G18:$T18,">"&R18)=0,"",SMALL($G18:$T18,COUNTIF($G18:$T18,"<="&R18)+1)-R18))) | AP18: =IF(OR($B18="",Z18="",Z18="Başlamadı",Z18="Sevk Edildi",Z18="Reworkte",LEFT(Z18,7)="Kapandı"),0,TODAY()-MAX($G18:$R18)) -> 0 | AQ18: =IF(AND(ISNUMBER(G18),ISNUMBER(AD18)),G18+AD18,"") | AR18: =IF(AND(ISNUMBER(H18),ISNUMBER(AE18)),H18+AE18,"") | AS18: =IF(AND(ISNUMBER(I18),ISNUMBER(AF18)),I18+AF18,"") -> 46291 | AT18: =IF(AND(ISNUMBER(J18),ISNUMBER(AG18)),J18+AG18,"") -> 46291 | AU18: =IF(AND(ISNUMBER(K18),ISNUMBER(AH18)),K18+AH18,"") | AV18: =IF(AND(ISNUMBER(L18),ISNUMBER(AI18)),L18+AI18,"") | AW18: =IF(AND(ISNUMBER(M18),ISNUMBER(AJ18)),M18+AJ18,"") | AX18: =IF(AND(ISNUMBER(N18),ISNUMBER(AK18)),N18+AK18,"") | ... BB18: =IF(AND(ISNUMBER(R18),ISNUMBER(AO18)),R18+AO18,"") | BC18: =IF(AND(S18="",T18=""),"",MIN(S18,T18)) -> 46291
A19: =IF(B19="","",ROW()-2) -> 17 | B19: M43002 | C19: MN-7914-0023-B - 1 - ACAR RADOM SERIM | D19: =IFERROR(VALUE(TRIM(MID(C19,FIND(" - ",C19)+3,FIND(" - ",C19,FIND(" - ",C19)+3)-FIND(" - ",C19)-3))),"") -> 1 | E19: AYÇA GÖK | F19: 46288 | I19: 46288 | J19: 46291 | Q19: 46293 | T19: 46293 | Z19: =IF(B19="","",IF(S19<>"","Sevk Edildi",IF(AND(X19<>"",Y19=""),"Reworkte",IF(T19<>"","Kapandı"&IF(COUNT(G19:R19)=0,""," – "&LOOKUP(2,1/(G19:R19=MAX(G19:R19)),{"Tasarım","Ply Cutter","Üretim","Kalite (Üretim sonrası)","Talaşlı","Kalite (Talaşlı sonrası)","Montaj","Kalite (Montaj sonrası)","Boya","Kalite (Boya sonrası)","Yarı Mamül","KM"})),IF(COUNT(G19:R19)=0,"Başlamadı",LOOKUP(2,1/(G19:R19=MAX(G19:R19)),{"Tasarımda","Ply Cutter'da","Üretimde","Kalitede (Üretim sonrası)","Talaşlıda","Kalitede (Talaşlı sonrası)","Montajda","Kalitede (Montaj sonrası)","Boyada","Kalitede (Boya sonrası)","Yarı Mamülde","KM'de"})))))) -> Kapandı – Yarı Mamül | AA19: =IF(OR(B19="",F19=""),"",IFERROR(IF(S19<>"",S19-F19,IF(T19<>"",T19-F19,TODAY()-F19)),"")) -> 5 | AD19: =IF(OR($B19="",NOT(ISNUMBER(G19))),"",IF(COUNTIF(H19:$T19,G19)>0,0,IF(COUNTIF($G19:$T19,">"&G19)=0,"",SMALL($G19:$T19,COUNTIF($G19:$T19,"<="&G19)+1)-G19))) | AE19: =IF(OR($B19="",NOT(ISNUMBER(H19))),"",IF(COUNTIF(I19:$T19,H19)>0,0,IF(COUNTIF($G19:$T19,">"&H19)=0,"",SMALL($G19:$T19,COUNTIF($G19:$T19,"<="&H19)+1)-H19))) | AF19: =IF(OR($B19="",NOT(ISNUMBER(I19))),"",IF(COUNTIF(J19:$T19,I19)>0,0,IF(COUNTIF($G19:$T19,">"&I19)=0,"",SMALL($G19:$T19,COUNTIF($G19:$T19,"<="&I19)+1)-I19))) -> 3 | AG19: =IF(OR($B19="",NOT(ISNUMBER(J19))),"",IF(COUNTIF(K19:$T19,J19)>0,0,IF(COUNTIF($G19:$T19,">"&J19)=0,"",SMALL($G19:$T19,COUNTIF($G19:$T19,"<="&J19)+1)-J19))) -> 2 | AH19: =IF(OR($B19="",NOT(ISNUMBER(K19))),"",IF(COUNTIF(L19:$T19,K19)>0,0,IF(COUNTIF($G19:$T19,">"&K19)=0,"",SMALL($G19:$T19,COUNTIF($G19:$T19,"<="&K19)+1)-K19))) | AI19: =IF(OR($B19="",NOT(ISNUMBER(L19))),"",IF(COUNTIF(M19:$T19,L19)>0,0,IF(COUNTIF($G19:$T19,">"&L19)=0,"",SMALL($G19:$T19,COUNTIF($G19:$T19,"<="&L19)+1)-L19))) | AJ19: =IF(OR($B19="",NOT(ISNUMBER(M19))),"",IF(COUNTIF(N19:$T19,M19)>0,0,IF(COUNTIF($G19:$T19,">"&M19)=0,"",SMALL($G19:$T19,COUNTIF($G19:$T19,"<="&M19)+1)-M19))) | AK19: =IF(OR($B19="",NOT(ISNUMBER(N19))),"",IF(COUNTIF(O19:$T19,N19)>0,0,IF(COUNTIF($G19:$T19,">"&N19)=0,"",SMALL($G19:$T19,COUNTIF($G19:$T19,"<="&N19)+1)-N19))) | ... AO19: =IF(OR($B19="",NOT(ISNUMBER(R19))),"",IF(COUNTIF(S19:$T19,R19)>0,0,IF(COUNTIF($G19:$T19,">"&R19)=0,"",SMALL($G19:$T19,COUNTIF($G19:$T19,"<="&R19)+1)-R19))) | AP19: =IF(OR($B19="",Z19="",Z19="Başlamadı",Z19="Sevk Edildi",Z19="Reworkte",LEFT(Z19,7)="Kapandı"),0,TODAY()-MAX($G19:$R19)) -> 0 | AQ19: =IF(AND(ISNUMBER(G19),ISNUMBER(AD19)),G19+AD19,"") | AR19: =IF(AND(ISNUMBER(H19),ISNUMBER(AE19)),H19+AE19,"") | AS19: =IF(AND(ISNUMBER(I19),ISNUMBER(AF19)),I19+AF19,"") -> 46291 | AT19: =IF(AND(ISNUMBER(J19),ISNUMBER(AG19)),J19+AG19,"") -> 46293 | AU19: =IF(AND(ISNUMBER(K19),ISNUMBER(AH19)),K19+AH19,"") | AV19: =IF(AND(ISNUMBER(L19),ISNUMBER(AI19)),L19+AI19,"") | AW19: =IF(AND(ISNUMBER(M19),ISNUMBER(AJ19)),M19+AJ19,"") | AX19: =IF(AND(ISNUMBER(N19),ISNUMBER(AK19)),N19+AK19,"") | ... BB19: =IF(AND(ISNUMBER(R19),ISNUMBER(AO19)),R19+AO19,"") | BC19: =IF(AND(S19="",T19=""),"",MIN(S19,T19)) -> 46293
A20: =IF(B20="","",ROW()-2) -> 18 | B20: M43003 | C20: MN-7914-0023-B - 1 - ACAR RADOM SERIM | D20: =IFERROR(VALUE(TRIM(MID(C20,FIND(" - ",C20)+3,FIND(" - ",C20,FIND(" - ",C20)+3)-FIND(" - ",C20)-3))),"") -> 1 | E20: AYÇA GÖK | F20: 46288 | I20: 46288 | J20: 46291 | Q20: 46293 | T20: 46293 | Z20: =IF(B20="","",IF(S20<>"","Sevk Edildi",IF(AND(X20<>"",Y20=""),"Reworkte",IF(T20<>"","Kapandı"&IF(COUNT(G20:R20)=0,""," – "&LOOKUP(2,1/(G20:R20=MAX(G20:R20)),{"Tasarım","Ply Cutter","Üretim","Kalite (Üretim sonrası)","Talaşlı","Kalite (Talaşlı sonrası)","Montaj","Kalite (Montaj sonrası)","Boya","Kalite (Boya sonrası)","Yarı Mamül","KM"})),IF(COUNT(G20:R20)=0,"Başlamadı",LOOKUP(2,1/(G20:R20=MAX(G20:R20)),{"Tasarımda","Ply Cutter'da","Üretimde","Kalitede (Üretim sonrası)","Talaşlıda","Kalitede (Talaşlı sonrası)","Montajda","Kalitede (Montaj sonrası)","Boyada","Kalitede (Boya sonrası)","Yarı Mamülde","KM'de"})))))) -> Kapandı – Yarı Mamül | AA20: =IF(OR(B20="",F20=""),"",IFERROR(IF(S20<>"",S20-F20,IF(T20<>"",T20-F20,TODAY()-F20)),"")) -> 5 | AD20: =IF(OR($B20="",NOT(ISNUMBER(G20))),"",IF(COUNTIF(H20:$T20,G20)>0,0,IF(COUNTIF($G20:$T20,">"&G20)=0,"",SMALL($G20:$T20,COUNTIF($G20:$T20,"<="&G20)+1)-G20))) | AE20: =IF(OR($B20="",NOT(ISNUMBER(H20))),"",IF(COUNTIF(I20:$T20,H20)>0,0,IF(COUNTIF($G20:$T20,">"&H20)=0,"",SMALL($G20:$T20,COUNTIF($G20:$T20,"<="&H20)+1)-H20))) | AF20: =IF(OR($B20="",NOT(ISNUMBER(I20))),"",IF(COUNTIF(J20:$T20,I20)>0,0,IF(COUNTIF($G20:$T20,">"&I20)=0,"",SMALL($G20:$T20,COUNTIF($G20:$T20,"<="&I20)+1)-I20))) -> 3 | AG20: =IF(OR($B20="",NOT(ISNUMBER(J20))),"",IF(COUNTIF(K20:$T20,J20)>0,0,IF(COUNTIF($G20:$T20,">"&J20)=0,"",SMALL($G20:$T20,COUNTIF($G20:$T20,"<="&J20)+1)-J20))) -> 2 | AH20: =IF(OR($B20="",NOT(ISNUMBER(K20))),"",IF(COUNTIF(L20:$T20,K20)>0,0,IF(COUNTIF($G20:$T20,">"&K20)=0,"",SMALL($G20:$T20,COUNTIF($G20:$T20,"<="&K20)+1)-K20))) | AI20: =IF(OR($B20="",NOT(ISNUMBER(L20))),"",IF(COUNTIF(M20:$T20,L20)>0,0,IF(COUNTIF($G20:$T20,">"&L20)=0,"",SMALL($G20:$T20,COUNTIF($G20:$T20,"<="&L20)+1)-L20))) | AJ20: =IF(OR($B20="",NOT(ISNUMBER(M20))),"",IF(COUNTIF(N20:$T20,M20)>0,0,IF(COUNTIF($G20:$T20,">"&M20)=0,"",SMALL($G20:$T20,COUNTIF($G20:$T20,"<="&M20)+1)-M20))) | AK20: =IF(OR($B20="",NOT(ISNUMBER(N20))),"",IF(COUNTIF(O20:$T20,N20)>0,0,IF(COUNTIF($G20:$T20,">"&N20)=0,"",SMALL($G20:$T20,COUNTIF($G20:$T20,"<="&N20)+1)-N20))) | ... AO20: =IF(OR($B20="",NOT(ISNUMBER(R20))),"",IF(COUNTIF(S20:$T20,R20)>0,0,IF(COUNTIF($G20:$T20,">"&R20)=0,"",SMALL($G20:$T20,COUNTIF($G20:$T20,"<="&R20)+1)-R20))) | AP20: =IF(OR($B20="",Z20="",Z20="Başlamadı",Z20="Sevk Edildi",Z20="Reworkte",LEFT(Z20,7)="Kapandı"),0,TODAY()-MAX($G20:$R20)) -> 0 | AQ20: =IF(AND(ISNUMBER(G20),ISNUMBER(AD20)),G20+AD20,"") | AR20: =IF(AND(ISNUMBER(H20),ISNUMBER(AE20)),H20+AE20,"") | AS20: =IF(AND(ISNUMBER(I20),ISNUMBER(AF20)),I20+AF20,"") -> 46291 | AT20: =IF(AND(ISNUMBER(J20),ISNUMBER(AG20)),J20+AG20,"") -> 46293 | AU20: =IF(AND(ISNUMBER(K20),ISNUMBER(AH20)),K20+AH20,"") | AV20: =IF(AND(ISNUMBER(L20),ISNUMBER(AI20)),L20+AI20,"") | AW20: =IF(AND(ISNUMBER(M20),ISNUMBER(AJ20)),M20+AJ20,"") | AX20: =IF(AND(ISNUMBER(N20),ISNUMBER(AK20)),N20+AK20,"") | ... BB20: =IF(AND(ISNUMBER(R20),ISNUMBER(AO20)),R20+AO20,"") | BC20: =IF(AND(S20="",T20=""),"",MIN(S20,T20)) -> 46293
A21: =IF(B21="","",ROW()-2) -> 19 | B21: M43004 | C21: MN-7914-0023-A - 24 - ACAR RADOM KESIM | D21: =IFERROR(VALUE(TRIM(MID(C21,FIND(" - ",C21)+3,FIND(" - ",C21,FIND(" - ",C21)+3)-FIND(" - ",C21)-3))),"") -> 24 | E21: AYÇA GÖK | F21: 46288 | I21: 46288 | J21: 46291 | Q21: 46293 | T21: 46293 | Z21: =IF(B21="","",IF(S21<>"","Sevk Edildi",IF(AND(X21<>"",Y21=""),"Reworkte",IF(T21<>"","Kapandı"&IF(COUNT(G21:R21)=0,""," – "&LOOKUP(2,1/(G21:R21=MAX(G21:R21)),{"Tasarım","Ply Cutter","Üretim","Kalite (Üretim sonrası)","Talaşlı","Kalite (Talaşlı sonrası)","Montaj","Kalite (Montaj sonrası)","Boya","Kalite (Boya sonrası)","Yarı Mamül","KM"})),IF(COUNT(G21:R21)=0,"Başlamadı",LOOKUP(2,1/(G21:R21=MAX(G21:R21)),{"Tasarımda","Ply Cutter'da","Üretimde","Kalitede (Üretim sonrası)","Talaşlıda","Kalitede (Talaşlı sonrası)","Montajda","Kalitede (Montaj sonrası)","Boyada","Kalitede (Boya sonrası)","Yarı Mamülde","KM'de"})))))) -> Kapandı – Yarı Mamül | AA21: =IF(OR(B21="",F21=""),"",IFERROR(IF(S21<>"",S21-F21,IF(T21<>"",T21-F21,TODAY()-F21)),"")) -> 5 | AD21: =IF(OR($B21="",NOT(ISNUMBER(G21))),"",IF(COUNTIF(H21:$T21,G21)>0,0,IF(COUNTIF($G21:$T21,">"&G21)=0,"",SMALL($G21:$T21,COUNTIF($G21:$T21,"<="&G21)+1)-G21))) | AE21: =IF(OR($B21="",NOT(ISNUMBER(H21))),"",IF(COUNTIF(I21:$T21,H21)>0,0,IF(COUNTIF($G21:$T21,">"&H21)=0,"",SMALL($G21:$T21,COUNTIF($G21:$T21,"<="&H21)+1)-H21))) | AF21: =IF(OR($B21="",NOT(ISNUMBER(I21))),"",IF(COUNTIF(J21:$T21,I21)>0,0,IF(COUNTIF($G21:$T21,">"&I21)=0,"",SMALL($G21:$T21,COUNTIF($G21:$T21,"<="&I21)+1)-I21))) -> 3 | AG21: =IF(OR($B21="",NOT(ISNUMBER(J21))),"",IF(COUNTIF(K21:$T21,J21)>0,0,IF(COUNTIF($G21:$T21,">"&J21)=0,"",SMALL($G21:$T21,COUNTIF($G21:$T21,"<="&J21)+1)-J21))) -> 2 | AH21: =IF(OR($B21="",NOT(ISNUMBER(K21))),"",IF(COUNTIF(L21:$T21,K21)>0,0,IF(COUNTIF($G21:$T21,">"&K21)=0,"",SMALL($G21:$T21,COUNTIF($G21:$T21,"<="&K21)+1)-K21))) | AI21: =IF(OR($B21="",NOT(ISNUMBER(L21))),"",IF(COUNTIF(M21:$T21,L21)>0,0,IF(COUNTIF($G21:$T21,">"&L21)=0,"",SMALL($G21:$T21,COUNTIF($G21:$T21,"<="&L21)+1)-L21))) | AJ21: =IF(OR($B21="",NOT(ISNUMBER(M21))),"",IF(COUNTIF(N21:$T21,M21)>0,0,IF(COUNTIF($G21:$T21,">"&M21)=0,"",SMALL($G21:$T21,COUNTIF($G21:$T21,"<="&M21)+1)-M21))) | AK21: =IF(OR($B21="",NOT(ISNUMBER(N21))),"",IF(COUNTIF(O21:$T21,N21)>0,0,IF(COUNTIF($G21:$T21,">"&N21)=0,"",SMALL($G21:$T21,COUNTIF($G21:$T21,"<="&N21)+1)-N21))) | ... AO21: =IF(OR($B21="",NOT(ISNUMBER(R21))),"",IF(COUNTIF(S21:$T21,R21)>0,0,IF(COUNTIF($G21:$T21,">"&R21)=0,"",SMALL($G21:$T21,COUNTIF($G21:$T21,"<="&R21)+1)-R21))) | AP21: =IF(OR($B21="",Z21="",Z21="Başlamadı",Z21="Sevk Edildi",Z21="Reworkte",LEFT(Z21,7)="Kapandı"),0,TODAY()-MAX($G21:$R21)) -> 0 | AQ21: =IF(AND(ISNUMBER(G21),ISNUMBER(AD21)),G21+AD21,"") | AR21: =IF(AND(ISNUMBER(H21),ISNUMBER(AE21)),H21+AE21,"") | AS21: =IF(AND(ISNUMBER(I21),ISNUMBER(AF21)),I21+AF21,"") -> 46291 | AT21: =IF(AND(ISNUMBER(J21),ISNUMBER(AG21)),J21+AG21,"") -> 46293 | AU21: =IF(AND(ISNUMBER(K21),ISNUMBER(AH21)),K21+AH21,"") | AV21: =IF(AND(ISNUMBER(L21),ISNUMBER(AI21)),L21+AI21,"") | AW21: =IF(AND(ISNUMBER(M21),ISNUMBER(AJ21)),M21+AJ21,"") | AX21: =IF(AND(ISNUMBER(N21),ISNUMBER(AK21)),N21+AK21,"") | ... BB21: =IF(AND(ISNUMBER(R21),ISNUMBER(AO21)),R21+AO21,"") | BC21: =IF(AND(S21="",T21=""),"",MIN(S21,T21)) -> 46293
A22: =IF(B22="","",ROW()-2) -> 20 | B22: M43005 | C22: MN-0000-3414-A - 180 - KAMCI ANTEN KILIF KESIM | D22: =IFERROR(VALUE(TRIM(MID(C22,FIND(" - ",C22)+3,FIND(" - ",C22,FIND(" - ",C22)+3)-FIND(" - ",C22)-3))),"") -> 180 | E22: ÖMER ÖZCAN | F22: 46288 | H22: 46288 | T22: 46288 | Z22: =IF(B22="","",IF(S22<>"","Sevk Edildi",IF(AND(X22<>"",Y22=""),"Reworkte",IF(T22<>"","Kapandı"&IF(COUNT(G22:R22)=0,""," – "&LOOKUP(2,1/(G22:R22=MAX(G22:R22)),{"Tasarım","Ply Cutter","Üretim","Kalite (Üretim sonrası)","Talaşlı","Kalite (Talaşlı sonrası)","Montaj","Kalite (Montaj sonrası)","Boya","Kalite (Boya sonrası)","Yarı Mamül","KM"})),IF(COUNT(G22:R22)=0,"Başlamadı",LOOKUP(2,1/(G22:R22=MAX(G22:R22)),{"Tasarımda","Ply Cutter'da","Üretimde","Kalitede (Üretim sonrası)","Talaşlıda","Kalitede (Talaşlı sonrası)","Montajda","Kalitede (Montaj sonrası)","Boyada","Kalitede (Boya sonrası)","Yarı Mamülde","KM'de"})))))) -> Kapandı – Ply Cutter | AA22: =IF(OR(B22="",F22=""),"",IFERROR(IF(S22<>"",S22-F22,IF(T22<>"",T22-F22,TODAY()-F22)),"")) -> 0 | AD22: =IF(OR($B22="",NOT(ISNUMBER(G22))),"",IF(COUNTIF(H22:$T22,G22)>0,0,IF(COUNTIF($G22:$T22,">"&G22)=0,"",SMALL($G22:$T22,COUNTIF($G22:$T22,"<="&G22)+1)-G22))) | AE22: =IF(OR($B22="",NOT(ISNUMBER(H22))),"",IF(COUNTIF(I22:$T22,H22)>0,0,IF(COUNTIF($G22:$T22,">"&H22)=0,"",SMALL($G22:$T22,COUNTIF($G22:$T22,"<="&H22)+1)-H22))) -> 0 | AF22: =IF(OR($B22="",NOT(ISNUMBER(I22))),"",IF(COUNTIF(J22:$T22,I22)>0,0,IF(COUNTIF($G22:$T22,">"&I22)=0,"",SMALL($G22:$T22,COUNTIF($G22:$T22,"<="&I22)+1)-I22))) | AG22: =IF(OR($B22="",NOT(ISNUMBER(J22))),"",IF(COUNTIF(K22:$T22,J22)>0,0,IF(COUNTIF($G22:$T22,">"&J22)=0,"",SMALL($G22:$T22,COUNTIF($G22:$T22,"<="&J22)+1)-J22))) | AH22: =IF(OR($B22="",NOT(ISNUMBER(K22))),"",IF(COUNTIF(L22:$T22,K22)>0,0,IF(COUNTIF($G22:$T22,">"&K22)=0,"",SMALL($G22:$T22,COUNTIF($G22:$T22,"<="&K22)+1)-K22))) | AI22: =IF(OR($B22="",NOT(ISNUMBER(L22))),"",IF(COUNTIF(M22:$T22,L22)>0,0,IF(COUNTIF($G22:$T22,">"&L22)=0,"",SMALL($G22:$T22,COUNTIF($G22:$T22,"<="&L22)+1)-L22))) | AJ22: =IF(OR($B22="",NOT(ISNUMBER(M22))),"",IF(COUNTIF(N22:$T22,M22)>0,0,IF(COUNTIF($G22:$T22,">"&M22)=0,"",SMALL($G22:$T22,COUNTIF($G22:$T22,"<="&M22)+1)-M22))) | AK22: =IF(OR($B22="",NOT(ISNUMBER(N22))),"",IF(COUNTIF(O22:$T22,N22)>0,0,IF(COUNTIF($G22:$T22,">"&N22)=0,"",SMALL($G22:$T22,COUNTIF($G22:$T22,"<="&N22)+1)-N22))) | ... AO22: =IF(OR($B22="",NOT(ISNUMBER(R22))),"",IF(COUNTIF(S22:$T22,R22)>0,0,IF(COUNTIF($G22:$T22,">"&R22)=0,"",SMALL($G22:$T22,COUNTIF($G22:$T22,"<="&R22)+1)-R22))) | AP22: =IF(OR($B22="",Z22="",Z22="Başlamadı",Z22="Sevk Edildi",Z22="Reworkte",LEFT(Z22,7)="Kapandı"),0,TODAY()-MAX($G22:$R22)) -> 0 | AQ22: =IF(AND(ISNUMBER(G22),ISNUMBER(AD22)),G22+AD22,"") | AR22: =IF(AND(ISNUMBER(H22),ISNUMBER(AE22)),H22+AE22,"") -> 46288 | AS22: =IF(AND(ISNUMBER(I22),ISNUMBER(AF22)),I22+AF22,"") | AT22: =IF(AND(ISNUMBER(J22),ISNUMBER(AG22)),J22+AG22,"") | AU22: =IF(AND(ISNUMBER(K22),ISNUMBER(AH22)),K22+AH22,"") | AV22: =IF(AND(ISNUMBER(L22),ISNUMBER(AI22)),L22+AI22,"") | AW22: =IF(AND(ISNUMBER(M22),ISNUMBER(AJ22)),M22+AJ22,"") | AX22: =IF(AND(ISNUMBER(N22),ISNUMBER(AK22)),N22+AK22,"") | ... BB22: =IF(AND(ISNUMBER(R22),ISNUMBER(AO22)),R22+AO22,"") | BC22: =IF(AND(S22="",T22=""),"",MIN(S22,T22)) -> 46288
A23: =IF(B23="","",ROW()-2) -> 21 | B23: M43006 | C23: MN-7623-0011-C - 3 - RADOM KOMPOZIT OMNI ANTEN KAT | D23: =IFERROR(VALUE(TRIM(MID(C23,FIND(" - ",C23)+3,FIND(" - ",C23,FIND(" - ",C23)+3)-FIND(" - ",C23)-3))),"") -> 3 | E23: ÖMER ÖZCAN | F23: 46289 | K23: 46289 | L23: 46290 | Q23: 46293 | T23: 46293 | Z23: =IF(B23="","",IF(S23<>"","Sevk Edildi",IF(AND(X23<>"",Y23=""),"Reworkte",IF(T23<>"","Kapandı"&IF(COUNT(G23:R23)=0,""," – "&LOOKUP(2,1/(G23:R23=MAX(G23:R23)),{"Tasarım","Ply Cutter","Üretim","Kalite (Üretim sonrası)","Talaşlı","Kalite (Talaşlı sonrası)","Montaj","Kalite (Montaj sonrası)","Boya","Kalite (Boya sonrası)","Yarı Mamül","KM"})),IF(COUNT(G23:R23)=0,"Başlamadı",LOOKUP(2,1/(G23:R23=MAX(G23:R23)),{"Tasarımda","Ply Cutter'da","Üretimde","Kalitede (Üretim sonrası)","Talaşlıda","Kalitede (Talaşlı sonrası)","Montajda","Kalitede (Montaj sonrası)","Boyada","Kalitede (Boya sonrası)","Yarı Mamülde","KM'de"})))))) -> Kapandı – Yarı Mamül | AA23: =IF(OR(B23="",F23=""),"",IFERROR(IF(S23<>"",S23-F23,IF(T23<>"",T23-F23,TODAY()-F23)),"")) -> 4 | AB23: SIZDIRMAZLIK AŞAMASI BEKLENİYOR | AD23: =IF(OR($B23="",NOT(ISNUMBER(G23))),"",IF(COUNTIF(H23:$T23,G23)>0,0,IF(COUNTIF($G23:$T23,">"&G23)=0,"",SMALL($G23:$T23,COUNTIF($G23:$T23,"<="&G23)+1)-G23))) | AE23: =IF(OR($B23="",NOT(ISNUMBER(H23))),"",IF(COUNTIF(I23:$T23,H23)>0,0,IF(COUNTIF($G23:$T23,">"&H23)=0,"",SMALL($G23:$T23,COUNTIF($G23:$T23,"<="&H23)+1)-H23))) | AF23: =IF(OR($B23="",NOT(ISNUMBER(I23))),"",IF(COUNTIF(J23:$T23,I23)>0,0,IF(COUNTIF($G23:$T23,">"&I23)=0,"",SMALL($G23:$T23,COUNTIF($G23:$T23,"<="&I23)+1)-I23))) | AG23: =IF(OR($B23="",NOT(ISNUMBER(J23))),"",IF(COUNTIF(K23:$T23,J23)>0,0,IF(COUNTIF($G23:$T23,">"&J23)=0,"",SMALL($G23:$T23,COUNTIF($G23:$T23,"<="&J23)+1)-J23))) | AH23: =IF(OR($B23="",NOT(ISNUMBER(K23))),"",IF(COUNTIF(L23:$T23,K23)>0,0,IF(COUNTIF($G23:$T23,">"&K23)=0,"",SMALL($G23:$T23,COUNTIF($G23:$T23,"<="&K23)+1)-K23))) -> 1 | AI23: =IF(OR($B23="",NOT(ISNUMBER(L23))),"",IF(COUNTIF(M23:$T23,L23)>0,0,IF(COUNTIF($G23:$T23,">"&L23)=0,"",SMALL($G23:$T23,COUNTIF($G23:$T23,"<="&L23)+1)-L23))) -> 3 | AJ23: =IF(OR($B23="",NOT(ISNUMBER(M23))),"",IF(COUNTIF(N23:$T23,M23)>0,0,IF(COUNTIF($G23:$T23,">"&M23)=0,"",SMALL($G23:$T23,COUNTIF($G23:$T23,"<="&M23)+1)-M23))) | AK23: =IF(OR($B23="",NOT(ISNUMBER(N23))),"",IF(COUNTIF(O23:$T23,N23)>0,0,IF(COUNTIF($G23:$T23,">"&N23)=0,"",SMALL($G23:$T23,COUNTIF($G23:$T23,"<="&N23)+1)-N23))) | ... AO23: =IF(OR($B23="",NOT(ISNUMBER(R23))),"",IF(COUNTIF(S23:$T23,R23)>0,0,IF(COUNTIF($G23:$T23,">"&R23)=0,"",SMALL($G23:$T23,COUNTIF($G23:$T23,"<="&R23)+1)-R23))) | AP23: =IF(OR($B23="",Z23="",Z23="Başlamadı",Z23="Sevk Edildi",Z23="Reworkte",LEFT(Z23,7)="Kapandı"),0,TODAY()-MAX($G23:$R23)) -> 0 | AQ23: =IF(AND(ISNUMBER(G23),ISNUMBER(AD23)),G23+AD23,"") | AR23: =IF(AND(ISNUMBER(H23),ISNUMBER(AE23)),H23+AE23,"") | AS23: =IF(AND(ISNUMBER(I23),ISNUMBER(AF23)),I23+AF23,"") | AT23: =IF(AND(ISNUMBER(J23),ISNUMBER(AG23)),J23+AG23,"") | AU23: =IF(AND(ISNUMBER(K23),ISNUMBER(AH23)),K23+AH23,"") -> 46290 | AV23: =IF(AND(ISNUMBER(L23),ISNUMBER(AI23)),L23+AI23,"") -> 46293 | AW23: =IF(AND(ISNUMBER(M23),ISNUMBER(AJ23)),M23+AJ23,"") | AX23: =IF(AND(ISNUMBER(N23),ISNUMBER(AK23)),N23+AK23,"") | ... BB23: =IF(AND(ISNUMBER(R23),ISNUMBER(AO23)),R23+AO23,"") | BC23: =IF(AND(S23="",T23=""),"",MIN(S23,T23)) -> 46293
A24: =IF(B24="","",ROW()-2) -> 22 | B24: M43007 | C24: MN-9840-0079-B - 1 - PARCA CTP HALKA PRJKTR SERIM | D24: =IFERROR(VALUE(TRIM(MID(C24,FIND(" - ",C24)+3,FIND(" - ",C24,FIND(" - ",C24)+3)-FIND(" - ",C24)-3))),"") -> 1 | E24: AYÇA GÖK | F24: 46289 | I24: 46289 | J24: 46290 | Q24: 46293 | T24: 46293 | Z24: =IF(B24="","",IF(S24<>"","Sevk Edildi",IF(AND(X24<>"",Y24=""),"Reworkte",IF(T24<>"","Kapandı"&IF(COUNT(G24:R24)=0,""," – "&LOOKUP(2,1/(G24:R24=MAX(G24:R24)),{"Tasarım","Ply Cutter","Üretim","Kalite (Üretim sonrası)","Talaşlı","Kalite (Talaşlı sonrası)","Montaj","Kalite (Montaj sonrası)","Boya","Kalite (Boya sonrası)","Yarı Mamül","KM"})),IF(COUNT(G24:R24)=0,"Başlamadı",LOOKUP(2,1/(G24:R24=MAX(G24:R24)),{"Tasarımda","Ply Cutter'da","Üretimde","Kalitede (Üretim sonrası)","Talaşlıda","Kalitede (Talaşlı sonrası)","Montajda","Kalitede (Montaj sonrası)","Boyada","Kalitede (Boya sonrası)","Yarı Mamülde","KM'de"})))))) -> Kapandı – Yarı Mamül | AA24: =IF(OR(B24="",F24=""),"",IFERROR(IF(S24<>"",S24-F24,IF(T24<>"",T24-F24,TODAY()-F24)),"")) -> 4 | AD24: =IF(OR($B24="",NOT(ISNUMBER(G24))),"",IF(COUNTIF(H24:$T24,G24)>0,0,IF(COUNTIF($G24:$T24,">"&G24)=0,"",SMALL($G24:$T24,COUNTIF($G24:$T24,"<="&G24)+1)-G24))) | AE24: =IF(OR($B24="",NOT(ISNUMBER(H24))),"",IF(COUNTIF(I24:$T24,H24)>0,0,IF(COUNTIF($G24:$T24,">"&H24)=0,"",SMALL($G24:$T24,COUNTIF($G24:$T24,"<="&H24)+1)-H24))) | AF24: =IF(OR($B24="",NOT(ISNUMBER(I24))),"",IF(COUNTIF(J24:$T24,I24)>0,0,IF(COUNTIF($G24:$T24,">"&I24)=0,"",SMALL($G24:$T24,COUNTIF($G24:$T24,"<="&I24)+1)-I24))) -> 1 | AG24: =IF(OR($B24="",NOT(ISNUMBER(J24))),"",IF(COUNTIF(K24:$T24,J24)>0,0,IF(COUNTIF($G24:$T24,">"&J24)=0,"",SMALL($G24:$T24,COUNTIF($G24:$T24,"<="&J24)+1)-J24))) -> 3 | AH24: =IF(OR($B24="",NOT(ISNUMBER(K24))),"",IF(COUNTIF(L24:$T24,K24)>0,0,IF(COUNTIF($G24:$T24,">"&K24)=0,"",SMALL($G24:$T24,COUNTIF($G24:$T24,"<="&K24)+1)-K24))) | AI24: =IF(OR($B24="",NOT(ISNUMBER(L24))),"",IF(COUNTIF(M24:$T24,L24)>0,0,IF(COUNTIF($G24:$T24,">"&L24)=0,"",SMALL($G24:$T24,COUNTIF($G24:$T24,"<="&L24)+1)-L24))) | AJ24: =IF(OR($B24="",NOT(ISNUMBER(M24))),"",IF(COUNTIF(N24:$T24,M24)>0,0,IF(COUNTIF($G24:$T24,">"&M24)=0,"",SMALL($G24:$T24,COUNTIF($G24:$T24,"<="&M24)+1)-M24))) | AK24: =IF(OR($B24="",NOT(ISNUMBER(N24))),"",IF(COUNTIF(O24:$T24,N24)>0,0,IF(COUNTIF($G24:$T24,">"&N24)=0,"",SMALL($G24:$T24,COUNTIF($G24:$T24,"<="&N24)+1)-N24))) | ... AO24: =IF(OR($B24="",NOT(ISNUMBER(R24))),"",IF(COUNTIF(S24:$T24,R24)>0,0,IF(COUNTIF($G24:$T24,">"&R24)=0,"",SMALL($G24:$T24,COUNTIF($G24:$T24,"<="&R24)+1)-R24))) | AP24: =IF(OR($B24="",Z24="",Z24="Başlamadı",Z24="Sevk Edildi",Z24="Reworkte",LEFT(Z24,7)="Kapandı"),0,TODAY()-MAX($G24:$R24)) -> 0 | AQ24: =IF(AND(ISNUMBER(G24),ISNUMBER(AD24)),G24+AD24,"") | AR24: =IF(AND(ISNUMBER(H24),ISNUMBER(AE24)),H24+AE24,"") | AS24: =IF(AND(ISNUMBER(I24),ISNUMBER(AF24)),I24+AF24,"") -> 46290 | AT24: =IF(AND(ISNUMBER(J24),ISNUMBER(AG24)),J24+AG24,"") -> 46293 | AU24: =IF(AND(ISNUMBER(K24),ISNUMBER(AH24)),K24+AH24,"") | AV24: =IF(AND(ISNUMBER(L24),ISNUMBER(AI24)),L24+AI24,"") | AW24: =IF(AND(ISNUMBER(M24),ISNUMBER(AJ24)),M24+AJ24,"") | AX24: =IF(AND(ISNUMBER(N24),ISNUMBER(AK24)),N24+AK24,"") | ... BB24: =IF(AND(ISNUMBER(R24),ISNUMBER(AO24)),R24+AO24,"") | BC24: =IF(AND(S24="",T24=""),"",MIN(S24,T24)) -> 46293
A25: =IF(B25="","",ROW()-2) -> 23 | B25: M43008 | C25: MN-0000-3297-B - 1 - RADOM KOMPOZIT ANT. YASSI ALT | D25: =IFERROR(VALUE(TRIM(MID(C25,FIND(" - ",C25)+3,FIND(" - ",C25,FIND(" - ",C25)+3)-FIND(" - ",C25)-3))),"") -> 1 | E25: AYÇA GÖK | F25: 46289 | I25: 46289 | J25: 46291 | T25: 46291 | Z25: =IF(B25="","",IF(S25<>"","Sevk Edildi",IF(AND(X25<>"",Y25=""),"Reworkte",IF(T25<>"","Kapandı"&IF(COUNT(G25:R25)=0,""," – "&LOOKUP(2,1/(G25:R25=MAX(G25:R25)),{"Tasarım","Ply Cutter","Üretim","Kalite (Üretim sonrası)","Talaşlı","Kalite (Talaşlı sonrası)","Montaj","Kalite (Montaj sonrası)","Boya","Kalite (Boya sonrası)","Yarı Mamül","KM"})),IF(COUNT(G25:R25)=0,"Başlamadı",LOOKUP(2,1/(G25:R25=MAX(G25:R25)),{"Tasarımda","Ply Cutter'da","Üretimde","Kalitede (Üretim sonrası)","Talaşlıda","Kalitede (Talaşlı sonrası)","Montajda","Kalitede (Montaj sonrası)","Boyada","Kalitede (Boya sonrası)","Yarı Mamülde","KM'de"})))))) -> Kapandı – Kalite (Üretim sonrası) | AA25: =IF(OR(B25="",F25=""),"",IFERROR(IF(S25<>"",S25-F25,IF(T25<>"",T25-F25,TODAY()-F25)),"")) -> 2 | AD25: =IF(OR($B25="",NOT(ISNUMBER(G25))),"",IF(COUNTIF(H25:$T25,G25)>0,0,IF(COUNTIF($G25:$T25,">"&G25)=0,"",SMALL($G25:$T25,COUNTIF($G25:$T25,"<="&G25)+1)-G25))) | AE25: =IF(OR($B25="",NOT(ISNUMBER(H25))),"",IF(COUNTIF(I25:$T25,H25)>0,0,IF(COUNTIF($G25:$T25,">"&H25)=0,"",SMALL($G25:$T25,COUNTIF($G25:$T25,"<="&H25)+1)-H25))) | AF25: =IF(OR($B25="",NOT(ISNUMBER(I25))),"",IF(COUNTIF(J25:$T25,I25)>0,0,IF(COUNTIF($G25:$T25,">"&I25)=0,"",SMALL($G25:$T25,COUNTIF($G25:$T25,"<="&I25)+1)-I25))) -> 2 | AG25: =IF(OR($B25="",NOT(ISNUMBER(J25))),"",IF(COUNTIF(K25:$T25,J25)>0,0,IF(COUNTIF($G25:$T25,">"&J25)=0,"",SMALL($G25:$T25,COUNTIF($G25:$T25,"<="&J25)+1)-J25))) -> 0 | AH25: =IF(OR($B25="",NOT(ISNUMBER(K25))),"",IF(COUNTIF(L25:$T25,K25)>0,0,IF(COUNTIF($G25:$T25,">"&K25)=0,"",SMALL($G25:$T25,COUNTIF($G25:$T25,"<="&K25)+1)-K25))) | AI25: =IF(OR($B25="",NOT(ISNUMBER(L25))),"",IF(COUNTIF(M25:$T25,L25)>0,0,IF(COUNTIF($G25:$T25,">"&L25)=0,"",SMALL($G25:$T25,COUNTIF($G25:$T25,"<="&L25)+1)-L25))) | AJ25: =IF(OR($B25="",NOT(ISNUMBER(M25))),"",IF(COUNTIF(N25:$T25,M25)>0,0,IF(COUNTIF($G25:$T25,">"&M25)=0,"",SMALL($G25:$T25,COUNTIF($G25:$T25,"<="&M25)+1)-M25))) | AK25: =IF(OR($B25="",NOT(ISNUMBER(N25))),"",IF(COUNTIF(O25:$T25,N25)>0,0,IF(COUNTIF($G25:$T25,">"&N25)=0,"",SMALL($G25:$T25,COUNTIF($G25:$T25,"<="&N25)+1)-N25))) | ... AO25: =IF(OR($B25="",NOT(ISNUMBER(R25))),"",IF(COUNTIF(S25:$T25,R25)>0,0,IF(COUNTIF($G25:$T25,">"&R25)=0,"",SMALL($G25:$T25,COUNTIF($G25:$T25,"<="&R25)+1)-R25))) | AP25: =IF(OR($B25="",Z25="",Z25="Başlamadı",Z25="Sevk Edildi",Z25="Reworkte",LEFT(Z25,7)="Kapandı"),0,TODAY()-MAX($G25:$R25)) -> 0 | AQ25: =IF(AND(ISNUMBER(G25),ISNUMBER(AD25)),G25+AD25,"") | AR25: =IF(AND(ISNUMBER(H25),ISNUMBER(AE25)),H25+AE25,"") | AS25: =IF(AND(ISNUMBER(I25),ISNUMBER(AF25)),I25+AF25,"") -> 46291 | AT25: =IF(AND(ISNUMBER(J25),ISNUMBER(AG25)),J25+AG25,"") -> 46291 | AU25: =IF(AND(ISNUMBER(K25),ISNUMBER(AH25)),K25+AH25,"") | AV25: =IF(AND(ISNUMBER(L25),ISNUMBER(AI25)),L25+AI25,"") | AW25: =IF(AND(ISNUMBER(M25),ISNUMBER(AJ25)),M25+AJ25,"") | AX25: =IF(AND(ISNUMBER(N25),ISNUMBER(AK25)),N25+AK25,"") | ... BB25: =IF(AND(ISNUMBER(R25),ISNUMBER(AO25)),R25+AO25,"") | BC25: =IF(AND(S25="",T25=""),"",MIN(S25,T25)) -> 46291
A26: =IF(B26="","",ROW()-2) -> 24 | B26: M43009 | C26: MN-0000-3297-B - 1 - RADOM KOMPOZIT ANT. YASSI ALT | D26: =IFERROR(VALUE(TRIM(MID(C26,FIND(" - ",C26)+3,FIND(" - ",C26,FIND(" - ",C26)+3)-FIND(" - ",C26)-3))),"") -> 1 | E26: AYÇA GÖK | F26: 46289 | I26: 46289 | J26: 46291 | T26: 46291 | Z26: =IF(B26="","",IF(S26<>"","Sevk Edildi",IF(AND(X26<>"",Y26=""),"Reworkte",IF(T26<>"","Kapandı"&IF(COUNT(G26:R26)=0,""," – "&LOOKUP(2,1/(G26:R26=MAX(G26:R26)),{"Tasarım","Ply Cutter","Üretim","Kalite (Üretim sonrası)","Talaşlı","Kalite (Talaşlı sonrası)","Montaj","Kalite (Montaj sonrası)","Boya","Kalite (Boya sonrası)","Yarı Mamül","KM"})),IF(COUNT(G26:R26)=0,"Başlamadı",LOOKUP(2,1/(G26:R26=MAX(G26:R26)),{"Tasarımda","Ply Cutter'da","Üretimde","Kalitede (Üretim sonrası)","Talaşlıda","Kalitede (Talaşlı sonrası)","Montajda","Kalitede (Montaj sonrası)","Boyada","Kalitede (Boya sonrası)","Yarı Mamülde","KM'de"})))))) -> Kapandı – Kalite (Üretim sonrası) | AA26: =IF(OR(B26="",F26=""),"",IFERROR(IF(S26<>"",S26-F26,IF(T26<>"",T26-F26,TODAY()-F26)),"")) -> 2 | AD26: =IF(OR($B26="",NOT(ISNUMBER(G26))),"",IF(COUNTIF(H26:$T26,G26)>0,0,IF(COUNTIF($G26:$T26,">"&G26)=0,"",SMALL($G26:$T26,COUNTIF($G26:$T26,"<="&G26)+1)-G26))) | AE26: =IF(OR($B26="",NOT(ISNUMBER(H26))),"",IF(COUNTIF(I26:$T26,H26)>0,0,IF(COUNTIF($G26:$T26,">"&H26)=0,"",SMALL($G26:$T26,COUNTIF($G26:$T26,"<="&H26)+1)-H26))) | AF26: =IF(OR($B26="",NOT(ISNUMBER(I26))),"",IF(COUNTIF(J26:$T26,I26)>0,0,IF(COUNTIF($G26:$T26,">"&I26)=0,"",SMALL($G26:$T26,COUNTIF($G26:$T26,"<="&I26)+1)-I26))) -> 2 | AG26: =IF(OR($B26="",NOT(ISNUMBER(J26))),"",IF(COUNTIF(K26:$T26,J26)>0,0,IF(COUNTIF($G26:$T26,">"&J26)=0,"",SMALL($G26:$T26,COUNTIF($G26:$T26,"<="&J26)+1)-J26))) -> 0 | AH26: =IF(OR($B26="",NOT(ISNUMBER(K26))),"",IF(COUNTIF(L26:$T26,K26)>0,0,IF(COUNTIF($G26:$T26,">"&K26)=0,"",SMALL($G26:$T26,COUNTIF($G26:$T26,"<="&K26)+1)-K26))) | AI26: =IF(OR($B26="",NOT(ISNUMBER(L26))),"",IF(COUNTIF(M26:$T26,L26)>0,0,IF(COUNTIF($G26:$T26,">"&L26)=0,"",SMALL($G26:$T26,COUNTIF($G26:$T26,"<="&L26)+1)-L26))) | AJ26: =IF(OR($B26="",NOT(ISNUMBER(M26))),"",IF(COUNTIF(N26:$T26,M26)>0,0,IF(COUNTIF($G26:$T26,">"&M26)=0,"",SMALL($G26:$T26,COUNTIF($G26:$T26,"<="&M26)+1)-M26))) | AK26: =IF(OR($B26="",NOT(ISNUMBER(N26))),"",IF(COUNTIF(O26:$T26,N26)>0,0,IF(COUNTIF($G26:$T26,">"&N26)=0,"",SMALL($G26:$T26,COUNTIF($G26:$T26,"<="&N26)+1)-N26))) | ... AO26: =IF(OR($B26="",NOT(ISNUMBER(R26))),"",IF(COUNTIF(S26:$T26,R26)>0,0,IF(COUNTIF($G26:$T26,">"&R26)=0,"",SMALL($G26:$T26,COUNTIF($G26:$T26,"<="&R26)+1)-R26))) | AP26: =IF(OR($B26="",Z26="",Z26="Başlamadı",Z26="Sevk Edildi",Z26="Reworkte",LEFT(Z26,7)="Kapandı"),0,TODAY()-MAX($G26:$R26)) -> 0 | AQ26: =IF(AND(ISNUMBER(G26),ISNUMBER(AD26)),G26+AD26,"") | AR26: =IF(AND(ISNUMBER(H26),ISNUMBER(AE26)),H26+AE26,"") | AS26: =IF(AND(ISNUMBER(I26),ISNUMBER(AF26)),I26+AF26,"") -> 46291 | AT26: =IF(AND(ISNUMBER(J26),ISNUMBER(AG26)),J26+AG26,"") -> 46291 | AU26: =IF(AND(ISNUMBER(K26),ISNUMBER(AH26)),K26+AH26,"") | AV26: =IF(AND(ISNUMBER(L26),ISNUMBER(AI26)),L26+AI26,"") | AW26: =IF(AND(ISNUMBER(M26),ISNUMBER(AJ26)),M26+AJ26,"") | AX26: =IF(AND(ISNUMBER(N26),ISNUMBER(AK26)),N26+AK26,"") | ... BB26: =IF(AND(ISNUMBER(R26),ISNUMBER(AO26)),R26+AO26,"") | BC26: =IF(AND(S26="",T26=""),"",MIN(S26,T26)) -> 46291
A27: =IF(B27="","",ROW()-2) -> 25 | B27: M43010 | C27: 00191416-B - 1 - YAN KAPAK, MG SERIM | D27: =IFERROR(VALUE(TRIM(MID(C27,FIND(" - ",C27)+3,FIND(" - ",C27,FIND(" - ",C27)+3)-FIND(" - ",C27)-3))),"") -> 1 | E27: AYÇA GÖK | F27: 46289 | I27: 46289 | J27: 46290 | Q27: 46291 | T27: 46291 | Z27: =IF(B27="","",IF(S27<>"","Sevk Edildi",IF(AND(X27<>"",Y27=""),"Reworkte",IF(T27<>"","Kapandı"&IF(COUNT(G27:R27)=0,""," – "&LOOKUP(2,1/(G27:R27=MAX(G27:R27)),{"Tasarım","Ply Cutter","Üretim","Kalite (Üretim sonrası)","Talaşlı","Kalite (Talaşlı sonrası)","Montaj","Kalite (Montaj sonrası)","Boya","Kalite (Boya sonrası)","Yarı Mamül","KM"})),IF(COUNT(G27:R27)=0,"Başlamadı",LOOKUP(2,1/(G27:R27=MAX(G27:R27)),{"Tasarımda","Ply Cutter'da","Üretimde","Kalitede (Üretim sonrası)","Talaşlıda","Kalitede (Talaşlı sonrası)","Montajda","Kalitede (Montaj sonrası)","Boyada","Kalitede (Boya sonrası)","Yarı Mamülde","KM'de"})))))) -> Kapandı – Yarı Mamül | AA27: =IF(OR(B27="",F27=""),"",IFERROR(IF(S27<>"",S27-F27,IF(T27<>"",T27-F27,TODAY()-F27)),"")) -> 2 | AD27: =IF(OR($B27="",NOT(ISNUMBER(G27))),"",IF(COUNTIF(H27:$T27,G27)>0,0,IF(COUNTIF($G27:$T27,">"&G27)=0,"",SMALL($G27:$T27,COUNTIF($G27:$T27,"<="&G27)+1)-G27))) | AE27: =IF(OR($B27="",NOT(ISNUMBER(H27))),"",IF(COUNTIF(I27:$T27,H27)>0,0,IF(COUNTIF($G27:$T27,">"&H27)=0,"",SMALL($G27:$T27,COUNTIF($G27:$T27,"<="&H27)+1)-H27))) | AF27: =IF(OR($B27="",NOT(ISNUMBER(I27))),"",IF(COUNTIF(J27:$T27,I27)>0,0,IF(COUNTIF($G27:$T27,">"&I27)=0,"",SMALL($G27:$T27,COUNTIF($G27:$T27,"<="&I27)+1)-I27))) -> 1 | AG27: =IF(OR($B27="",NOT(ISNUMBER(J27))),"",IF(COUNTIF(K27:$T27,J27)>0,0,IF(COUNTIF($G27:$T27,">"&J27)=0,"",SMALL($G27:$T27,COUNTIF($G27:$T27,"<="&J27)+1)-J27))) -> 1 | AH27: =IF(OR($B27="",NOT(ISNUMBER(K27))),"",IF(COUNTIF(L27:$T27,K27)>0,0,IF(COUNTIF($G27:$T27,">"&K27)=0,"",SMALL($G27:$T27,COUNTIF($G27:$T27,"<="&K27)+1)-K27))) | AI27: =IF(OR($B27="",NOT(ISNUMBER(L27))),"",IF(COUNTIF(M27:$T27,L27)>0,0,IF(COUNTIF($G27:$T27,">"&L27)=0,"",SMALL($G27:$T27,COUNTIF($G27:$T27,"<="&L27)+1)-L27))) | AJ27: =IF(OR($B27="",NOT(ISNUMBER(M27))),"",IF(COUNTIF(N27:$T27,M27)>0,0,IF(COUNTIF($G27:$T27,">"&M27)=0,"",SMALL($G27:$T27,COUNTIF($G27:$T27,"<="&M27)+1)-M27))) | AK27: =IF(OR($B27="",NOT(ISNUMBER(N27))),"",IF(COUNTIF(O27:$T27,N27)>0,0,IF(COUNTIF($G27:$T27,">"&N27)=0,"",SMALL($G27:$T27,COUNTIF($G27:$T27,"<="&N27)+1)-N27))) | ... AO27: =IF(OR($B27="",NOT(ISNUMBER(R27))),"",IF(COUNTIF(S27:$T27,R27)>0,0,IF(COUNTIF($G27:$T27,">"&R27)=0,"",SMALL($G27:$T27,COUNTIF($G27:$T27,"<="&R27)+1)-R27))) | AP27: =IF(OR($B27="",Z27="",Z27="Başlamadı",Z27="Sevk Edildi",Z27="Reworkte",LEFT(Z27,7)="Kapandı"),0,TODAY()-MAX($G27:$R27)) -> 0 | AQ27: =IF(AND(ISNUMBER(G27),ISNUMBER(AD27)),G27+AD27,"") | AR27: =IF(AND(ISNUMBER(H27),ISNUMBER(AE27)),H27+AE27,"") | AS27: =IF(AND(ISNUMBER(I27),ISNUMBER(AF27)),I27+AF27,"") -> 46290 | AT27: =IF(AND(ISNUMBER(J27),ISNUMBER(AG27)),J27+AG27,"") -> 46291 | AU27: =IF(AND(ISNUMBER(K27),ISNUMBER(AH27)),K27+AH27,"") | AV27: =IF(AND(ISNUMBER(L27),ISNUMBER(AI27)),L27+AI27,"") | AW27: =IF(AND(ISNUMBER(M27),ISNUMBER(AJ27)),M27+AJ27,"") | AX27: =IF(AND(ISNUMBER(N27),ISNUMBER(AK27)),N27+AK27,"") | ... BB27: =IF(AND(ISNUMBER(R27),ISNUMBER(AO27)),R27+AO27,"") | BC27: =IF(AND(S27="",T27=""),"",MIN(S27,T27)) -> 46291
A28: =IF(B28="","",ROW()-2) -> 26 | B28: M43011 | C28: MN-0000-4163-B - 5 - BORU KMPZT YILDIRIM KORUMA GU | D28: =IFERROR(VALUE(TRIM(MID(C28,FIND(" - ",C28)+3,FIND(" - ",C28,FIND(" - ",C28)+3)-FIND(" - ",C28)-3))),"") -> 5 | E28: AYÇA GÖK | F28: 46289 | I28: 46289 | J28: 46291 | T28: 46291 | Z28: =IF(B28="","",IF(S28<>"","Sevk Edildi",IF(AND(X28<>"",Y28=""),"Reworkte",IF(T28<>"","Kapandı"&IF(COUNT(G28:R28)=0,""," – "&LOOKUP(2,1/(G28:R28=MAX(G28:R28)),{"Tasarım","Ply Cutter","Üretim","Kalite (Üretim sonrası)","Talaşlı","Kalite (Talaşlı sonrası)","Montaj","Kalite (Montaj sonrası)","Boya","Kalite (Boya sonrası)","Yarı Mamül","KM"})),IF(COUNT(G28:R28)=0,"Başlamadı",LOOKUP(2,1/(G28:R28=MAX(G28:R28)),{"Tasarımda","Ply Cutter'da","Üretimde","Kalitede (Üretim sonrası)","Talaşlıda","Kalitede (Talaşlı sonrası)","Montajda","Kalitede (Montaj sonrası)","Boyada","Kalitede (Boya sonrası)","Yarı Mamülde","KM'de"})))))) -> Kapandı – Kalite (Üretim sonrası) | AA28: =IF(OR(B28="",F28=""),"",IFERROR(IF(S28<>"",S28-F28,IF(T28<>"",T28-F28,TODAY()-F28)),"")) -> 2 | AD28: =IF(OR($B28="",NOT(ISNUMBER(G28))),"",IF(COUNTIF(H28:$T28,G28)>0,0,IF(COUNTIF($G28:$T28,">"&G28)=0,"",SMALL($G28:$T28,COUNTIF($G28:$T28,"<="&G28)+1)-G28))) | AE28: =IF(OR($B28="",NOT(ISNUMBER(H28))),"",IF(COUNTIF(I28:$T28,H28)>0,0,IF(COUNTIF($G28:$T28,">"&H28)=0,"",SMALL($G28:$T28,COUNTIF($G28:$T28,"<="&H28)+1)-H28))) | AF28: =IF(OR($B28="",NOT(ISNUMBER(I28))),"",IF(COUNTIF(J28:$T28,I28)>0,0,IF(COUNTIF($G28:$T28,">"&I28)=0,"",SMALL($G28:$T28,COUNTIF($G28:$T28,"<="&I28)+1)-I28))) -> 2 | AG28: =IF(OR($B28="",NOT(ISNUMBER(J28))),"",IF(COUNTIF(K28:$T28,J28)>0,0,IF(COUNTIF($G28:$T28,">"&J28)=0,"",SMALL($G28:$T28,COUNTIF($G28:$T28,"<="&J28)+1)-J28))) -> 0 | AH28: =IF(OR($B28="",NOT(ISNUMBER(K28))),"",IF(COUNTIF(L28:$T28,K28)>0,0,IF(COUNTIF($G28:$T28,">"&K28)=0,"",SMALL($G28:$T28,COUNTIF($G28:$T28,"<="&K28)+1)-K28))) | AI28: =IF(OR($B28="",NOT(ISNUMBER(L28))),"",IF(COUNTIF(M28:$T28,L28)>0,0,IF(COUNTIF($G28:$T28,">"&L28)=0,"",SMALL($G28:$T28,COUNTIF($G28:$T28,"<="&L28)+1)-L28))) | AJ28: =IF(OR($B28="",NOT(ISNUMBER(M28))),"",IF(COUNTIF(N28:$T28,M28)>0,0,IF(COUNTIF($G28:$T28,">"&M28)=0,"",SMALL($G28:$T28,COUNTIF($G28:$T28,"<="&M28)+1)-M28))) | AK28: =IF(OR($B28="",NOT(ISNUMBER(N28))),"",IF(COUNTIF(O28:$T28,N28)>0,0,IF(COUNTIF($G28:$T28,">"&N28)=0,"",SMALL($G28:$T28,COUNTIF($G28:$T28,"<="&N28)+1)-N28))) | ... AO28: =IF(OR($B28="",NOT(ISNUMBER(R28))),"",IF(COUNTIF(S28:$T28,R28)>0,0,IF(COUNTIF($G28:$T28,">"&R28)=0,"",SMALL($G28:$T28,COUNTIF($G28:$T28,"<="&R28)+1)-R28))) | AP28: =IF(OR($B28="",Z28="",Z28="Başlamadı",Z28="Sevk Edildi",Z28="Reworkte",LEFT(Z28,7)="Kapandı"),0,TODAY()-MAX($G28:$R28)) -> 0 | AQ28: =IF(AND(ISNUMBER(G28),ISNUMBER(AD28)),G28+AD28,"") | AR28: =IF(AND(ISNUMBER(H28),ISNUMBER(AE28)),H28+AE28,"") | AS28: =IF(AND(ISNUMBER(I28),ISNUMBER(AF28)),I28+AF28,"") -> 46291 | AT28: =IF(AND(ISNUMBER(J28),ISNUMBER(AG28)),J28+AG28,"") -> 46291 | AU28: =IF(AND(ISNUMBER(K28),ISNUMBER(AH28)),K28+AH28,"") | AV28: =IF(AND(ISNUMBER(L28),ISNUMBER(AI28)),L28+AI28,"") | AW28: =IF(AND(ISNUMBER(M28),ISNUMBER(AJ28)),M28+AJ28,"") | AX28: =IF(AND(ISNUMBER(N28),ISNUMBER(AK28)),N28+AK28,"") | ... BB28: =IF(AND(ISNUMBER(R28),ISNUMBER(AO28)),R28+AO28,"") | BC28: =IF(AND(S28="",T28=""),"",MIN(S28,T28)) -> 46291
A29: =IF(B29="","",ROW()-2) -> 27 | B29: M43012 | C29: MN-0000-4163-B - 5 - BORU KMPZT YILDIRIM KORUMA GU | D29: =IFERROR(VALUE(TRIM(MID(C29,FIND(" - ",C29)+3,FIND(" - ",C29,FIND(" - ",C29)+3)-FIND(" - ",C29)-3))),"") -> 5 | E29: AYÇA GÖK | F29: 46289 | I29: 46289 | J29: 46291 | T29: 46291 | Z29: =IF(B29="","",IF(S29<>"","Sevk Edildi",IF(AND(X29<>"",Y29=""),"Reworkte",IF(T29<>"","Kapandı"&IF(COUNT(G29:R29)=0,""," – "&LOOKUP(2,1/(G29:R29=MAX(G29:R29)),{"Tasarım","Ply Cutter","Üretim","Kalite (Üretim sonrası)","Talaşlı","Kalite (Talaşlı sonrası)","Montaj","Kalite (Montaj sonrası)","Boya","Kalite (Boya sonrası)","Yarı Mamül","KM"})),IF(COUNT(G29:R29)=0,"Başlamadı",LOOKUP(2,1/(G29:R29=MAX(G29:R29)),{"Tasarımda","Ply Cutter'da","Üretimde","Kalitede (Üretim sonrası)","Talaşlıda","Kalitede (Talaşlı sonrası)","Montajda","Kalitede (Montaj sonrası)","Boyada","Kalitede (Boya sonrası)","Yarı Mamülde","KM'de"})))))) -> Kapandı – Kalite (Üretim sonrası) | AA29: =IF(OR(B29="",F29=""),"",IFERROR(IF(S29<>"",S29-F29,IF(T29<>"",T29-F29,TODAY()-F29)),"")) -> 2 | AD29: =IF(OR($B29="",NOT(ISNUMBER(G29))),"",IF(COUNTIF(H29:$T29,G29)>0,0,IF(COUNTIF($G29:$T29,">"&G29)=0,"",SMALL($G29:$T29,COUNTIF($G29:$T29,"<="&G29)+1)-G29))) | AE29: =IF(OR($B29="",NOT(ISNUMBER(H29))),"",IF(COUNTIF(I29:$T29,H29)>0,0,IF(COUNTIF($G29:$T29,">"&H29)=0,"",SMALL($G29:$T29,COUNTIF($G29:$T29,"<="&H29)+1)-H29))) | AF29: =IF(OR($B29="",NOT(ISNUMBER(I29))),"",IF(COUNTIF(J29:$T29,I29)>0,0,IF(COUNTIF($G29:$T29,">"&I29)=0,"",SMALL($G29:$T29,COUNTIF($G29:$T29,"<="&I29)+1)-I29))) -> 2 | AG29: =IF(OR($B29="",NOT(ISNUMBER(J29))),"",IF(COUNTIF(K29:$T29,J29)>0,0,IF(COUNTIF($G29:$T29,">"&J29)=0,"",SMALL($G29:$T29,COUNTIF($G29:$T29,"<="&J29)+1)-J29))) -> 0 | AH29: =IF(OR($B29="",NOT(ISNUMBER(K29))),"",IF(COUNTIF(L29:$T29,K29)>0,0,IF(COUNTIF($G29:$T29,">"&K29)=0,"",SMALL($G29:$T29,COUNTIF($G29:$T29,"<="&K29)+1)-K29))) | AI29: =IF(OR($B29="",NOT(ISNUMBER(L29))),"",IF(COUNTIF(M29:$T29,L29)>0,0,IF(COUNTIF($G29:$T29,">"&L29)=0,"",SMALL($G29:$T29,COUNTIF($G29:$T29,"<="&L29)+1)-L29))) | AJ29: =IF(OR($B29="",NOT(ISNUMBER(M29))),"",IF(COUNTIF(N29:$T29,M29)>0,0,IF(COUNTIF($G29:$T29,">"&M29)=0,"",SMALL($G29:$T29,COUNTIF($G29:$T29,"<="&M29)+1)-M29))) | AK29: =IF(OR($B29="",NOT(ISNUMBER(N29))),"",IF(COUNTIF(O29:$T29,N29)>0,0,IF(COUNTIF($G29:$T29,">"&N29)=0,"",SMALL($G29:$T29,COUNTIF($G29:$T29,"<="&N29)+1)-N29))) | ... AO29: =IF(OR($B29="",NOT(ISNUMBER(R29))),"",IF(COUNTIF(S29:$T29,R29)>0,0,IF(COUNTIF($G29:$T29,">"&R29)=0,"",SMALL($G29:$T29,COUNTIF($G29:$T29,"<="&R29)+1)-R29))) | AP29: =IF(OR($B29="",Z29="",Z29="Başlamadı",Z29="Sevk Edildi",Z29="Reworkte",LEFT(Z29,7)="Kapandı"),0,TODAY()-MAX($G29:$R29)) -> 0 | AQ29: =IF(AND(ISNUMBER(G29),ISNUMBER(AD29)),G29+AD29,"") | AR29: =IF(AND(ISNUMBER(H29),ISNUMBER(AE29)),H29+AE29,"") | AS29: =IF(AND(ISNUMBER(I29),ISNUMBER(AF29)),I29+AF29,"") -> 46291 | AT29: =IF(AND(ISNUMBER(J29),ISNUMBER(AG29)),J29+AG29,"") -> 46291 | AU29: =IF(AND(ISNUMBER(K29),ISNUMBER(AH29)),K29+AH29,"") | AV29: =IF(AND(ISNUMBER(L29),ISNUMBER(AI29)),L29+AI29,"") | AW29: =IF(AND(ISNUMBER(M29),ISNUMBER(AJ29)),M29+AJ29,"") | AX29: =IF(AND(ISNUMBER(N29),ISNUMBER(AK29)),N29+AK29,"") | ... BB29: =IF(AND(ISNUMBER(R29),ISNUMBER(AO29)),R29+AO29,"") | BC29: =IF(AND(S29="",T29=""),"",MIN(S29,T29)) -> 46291
A30: =IF(B30="","",ROW()-2) -> 28 | B30: M43013 | C30: GN-7936-0004-B - 1 - RADOM CTP ANTEN KAL SERIM | D30: =IFERROR(VALUE(TRIM(MID(C30,FIND(" - ",C30)+3,FIND(" - ",C30,FIND(" - ",C30)+3)-FIND(" - ",C30)-3))),"") -> 1 | E30: AYÇA GÖK | F30: 46289 | I30: 46289 | J30: 46290 | Q30: 46291 | T30: 46291 | Z30: =IF(B30="","",IF(S30<>"","Sevk Edildi",IF(AND(X30<>"",Y30=""),"Reworkte",IF(T30<>"","Kapandı"&IF(COUNT(G30:R30)=0,""," – "&LOOKUP(2,1/(G30:R30=MAX(G30:R30)),{"Tasarım","Ply Cutter","Üretim","Kalite (Üretim sonrası)","Talaşlı","Kalite (Talaşlı sonrası)","Montaj","Kalite (Montaj sonrası)","Boya","Kalite (Boya sonrası)","Yarı Mamül","KM"})),IF(COUNT(G30:R30)=0,"Başlamadı",LOOKUP(2,1/(G30:R30=MAX(G30:R30)),{"Tasarımda","Ply Cutter'da","Üretimde","Kalitede (Üretim sonrası)","Talaşlıda","Kalitede (Talaşlı sonrası)","Montajda","Kalitede (Montaj sonrası)","Boyada","Kalitede (Boya sonrası)","Yarı Mamülde","KM'de"})))))) -> Kapandı – Yarı Mamül | AA30: =IF(OR(B30="",F30=""),"",IFERROR(IF(S30<>"",S30-F30,IF(T30<>"",T30-F30,TODAY()-F30)),"")) -> 2 | AD30: =IF(OR($B30="",NOT(ISNUMBER(G30))),"",IF(COUNTIF(H30:$T30,G30)>0,0,IF(COUNTIF($G30:$T30,">"&G30)=0,"",SMALL($G30:$T30,COUNTIF($G30:$T30,"<="&G30)+1)-G30))) | AE30: =IF(OR($B30="",NOT(ISNUMBER(H30))),"",IF(COUNTIF(I30:$T30,H30)>0,0,IF(COUNTIF($G30:$T30,">"&H30)=0,"",SMALL($G30:$T30,COUNTIF($G30:$T30,"<="&H30)+1)-H30))) | AF30: =IF(OR($B30="",NOT(ISNUMBER(I30))),"",IF(COUNTIF(J30:$T30,I30)>0,0,IF(COUNTIF($G30:$T30,">"&I30)=0,"",SMALL($G30:$T30,COUNTIF($G30:$T30,"<="&I30)+1)-I30))) -> 1 | AG30: =IF(OR($B30="",NOT(ISNUMBER(J30))),"",IF(COUNTIF(K30:$T30,J30)>0,0,IF(COUNTIF($G30:$T30,">"&J30)=0,"",SMALL($G30:$T30,COUNTIF($G30:$T30,"<="&J30)+1)-J30))) -> 1 | AH30: =IF(OR($B30="",NOT(ISNUMBER(K30))),"",IF(COUNTIF(L30:$T30,K30)>0,0,IF(COUNTIF($G30:$T30,">"&K30)=0,"",SMALL($G30:$T30,COUNTIF($G30:$T30,"<="&K30)+1)-K30))) | AI30: =IF(OR($B30="",NOT(ISNUMBER(L30))),"",IF(COUNTIF(M30:$T30,L30)>0,0,IF(COUNTIF($G30:$T30,">"&L30)=0,"",SMALL($G30:$T30,COUNTIF($G30:$T30,"<="&L30)+1)-L30))) | AJ30: =IF(OR($B30="",NOT(ISNUMBER(M30))),"",IF(COUNTIF(N30:$T30,M30)>0,0,IF(COUNTIF($G30:$T30,">"&M30)=0,"",SMALL($G30:$T30,COUNTIF($G30:$T30,"<="&M30)+1)-M30))) | AK30: =IF(OR($B30="",NOT(ISNUMBER(N30))),"",IF(COUNTIF(O30:$T30,N30)>0,0,IF(COUNTIF($G30:$T30,">"&N30)=0,"",SMALL($G30:$T30,COUNTIF($G30:$T30,"<="&N30)+1)-N30))) | ... AO30: =IF(OR($B30="",NOT(ISNUMBER(R30))),"",IF(COUNTIF(S30:$T30,R30)>0,0,IF(COUNTIF($G30:$T30,">"&R30)=0,"",SMALL($G30:$T30,COUNTIF($G30:$T30,"<="&R30)+1)-R30))) | AP30: =IF(OR($B30="",Z30="",Z30="Başlamadı",Z30="Sevk Edildi",Z30="Reworkte",LEFT(Z30,7)="Kapandı"),0,TODAY()-MAX($G30:$R30)) -> 0 | AQ30: =IF(AND(ISNUMBER(G30),ISNUMBER(AD30)),G30+AD30,"") | AR30: =IF(AND(ISNUMBER(H30),ISNUMBER(AE30)),H30+AE30,"") | AS30: =IF(AND(ISNUMBER(I30),ISNUMBER(AF30)),I30+AF30,"") -> 46290 | AT30: =IF(AND(ISNUMBER(J30),ISNUMBER(AG30)),J30+AG30,"") -> 46291 | AU30: =IF(AND(ISNUMBER(K30),ISNUMBER(AH30)),K30+AH30,"") | AV30: =IF(AND(ISNUMBER(L30),ISNUMBER(AI30)),L30+AI30,"") | AW30: =IF(AND(ISNUMBER(M30),ISNUMBER(AJ30)),M30+AJ30,"") | AX30: =IF(AND(ISNUMBER(N30),ISNUMBER(AK30)),N30+AK30,"") | ... BB30: =IF(AND(ISNUMBER(R30),ISNUMBER(AO30)),R30+AO30,"") | BC30: =IF(AND(S30="",T30=""),"",MIN(S30,T30)) -> 46291
A31: =IF(B31="","",ROW()-2) -> 29 | B31: M43014 | C31: GN-7936-0004-B - 1 - RADOM CTP ANTEN KAL SERIM | D31: =IFERROR(VALUE(TRIM(MID(C31,FIND(" - ",C31)+3,FIND(" - ",C31,FIND(" - ",C31)+3)-FIND(" - ",C31)-3))),"") -> 1 | E31: AYÇA GÖK | F31: 46289 | I31: 46290 | J31: 46290 | Q31: 46291 | T31: 46291 | Z31: =IF(B31="","",IF(S31<>"","Sevk Edildi",IF(AND(X31<>"",Y31=""),"Reworkte",IF(T31<>"","Kapandı"&IF(COUNT(G31:R31)=0,""," – "&LOOKUP(2,1/(G31:R31=MAX(G31:R31)),{"Tasarım","Ply Cutter","Üretim","Kalite (Üretim sonrası)","Talaşlı","Kalite (Talaşlı sonrası)","Montaj","Kalite (Montaj sonrası)","Boya","Kalite (Boya sonrası)","Yarı Mamül","KM"})),IF(COUNT(G31:R31)=0,"Başlamadı",LOOKUP(2,1/(G31:R31=MAX(G31:R31)),{"Tasarımda","Ply Cutter'da","Üretimde","Kalitede (Üretim sonrası)","Talaşlıda","Kalitede (Talaşlı sonrası)","Montajda","Kalitede (Montaj sonrası)","Boyada","Kalitede (Boya sonrası)","Yarı Mamülde","KM'de"})))))) -> Kapandı – Yarı Mamül | AA31: =IF(OR(B31="",F31=""),"",IFERROR(IF(S31<>"",S31-F31,IF(T31<>"",T31-F31,TODAY()-F31)),"")) -> 2 | AD31: =IF(OR($B31="",NOT(ISNUMBER(G31))),"",IF(COUNTIF(H31:$T31,G31)>0,0,IF(COUNTIF($G31:$T31,">"&G31)=0,"",SMALL($G31:$T31,COUNTIF($G31:$T31,"<="&G31)+1)-G31))) | AE31: =IF(OR($B31="",NOT(ISNUMBER(H31))),"",IF(COUNTIF(I31:$T31,H31)>0,0,IF(COUNTIF($G31:$T31,">"&H31)=0,"",SMALL($G31:$T31,COUNTIF($G31:$T31,"<="&H31)+1)-H31))) | AF31: =IF(OR($B31="",NOT(ISNUMBER(I31))),"",IF(COUNTIF(J31:$T31,I31)>0,0,IF(COUNTIF($G31:$T31,">"&I31)=0,"",SMALL($G31:$T31,COUNTIF($G31:$T31,"<="&I31)+1)-I31))) -> 0 | AG31: =IF(OR($B31="",NOT(ISNUMBER(J31))),"",IF(COUNTIF(K31:$T31,J31)>0,0,IF(COUNTIF($G31:$T31,">"&J31)=0,"",SMALL($G31:$T31,COUNTIF($G31:$T31,"<="&J31)+1)-J31))) -> 1 | AH31: =IF(OR($B31="",NOT(ISNUMBER(K31))),"",IF(COUNTIF(L31:$T31,K31)>0,0,IF(COUNTIF($G31:$T31,">"&K31)=0,"",SMALL($G31:$T31,COUNTIF($G31:$T31,"<="&K31)+1)-K31))) | AI31: =IF(OR($B31="",NOT(ISNUMBER(L31))),"",IF(COUNTIF(M31:$T31,L31)>0,0,IF(COUNTIF($G31:$T31,">"&L31)=0,"",SMALL($G31:$T31,COUNTIF($G31:$T31,"<="&L31)+1)-L31))) | AJ31: =IF(OR($B31="",NOT(ISNUMBER(M31))),"",IF(COUNTIF(N31:$T31,M31)>0,0,IF(COUNTIF($G31:$T31,">"&M31)=0,"",SMALL($G31:$T31,COUNTIF($G31:$T31,"<="&M31)+1)-M31))) | AK31: =IF(OR($B31="",NOT(ISNUMBER(N31))),"",IF(COUNTIF(O31:$T31,N31)>0,0,IF(COUNTIF($G31:$T31,">"&N31)=0,"",SMALL($G31:$T31,COUNTIF($G31:$T31,"<="&N31)+1)-N31))) | ... AO31: =IF(OR($B31="",NOT(ISNUMBER(R31))),"",IF(COUNTIF(S31:$T31,R31)>0,0,IF(COUNTIF($G31:$T31,">"&R31)=0,"",SMALL($G31:$T31,COUNTIF($G31:$T31,"<="&R31)+1)-R31))) | AP31: =IF(OR($B31="",Z31="",Z31="Başlamadı",Z31="Sevk Edildi",Z31="Reworkte",LEFT(Z31,7)="Kapandı"),0,TODAY()-MAX($G31:$R31)) -> 0 | AQ31: =IF(AND(ISNUMBER(G31),ISNUMBER(AD31)),G31+AD31,"") | AR31: =IF(AND(ISNUMBER(H31),ISNUMBER(AE31)),H31+AE31,"") | AS31: =IF(AND(ISNUMBER(I31),ISNUMBER(AF31)),I31+AF31,"") -> 46290 | AT31: =IF(AND(ISNUMBER(J31),ISNUMBER(AG31)),J31+AG31,"") -> 46291 | AU31: =IF(AND(ISNUMBER(K31),ISNUMBER(AH31)),K31+AH31,"") | AV31: =IF(AND(ISNUMBER(L31),ISNUMBER(AI31)),L31+AI31,"") | AW31: =IF(AND(ISNUMBER(M31),ISNUMBER(AJ31)),M31+AJ31,"") | AX31: =IF(AND(ISNUMBER(N31),ISNUMBER(AK31)),N31+AK31,"") | ... BB31: =IF(AND(ISNUMBER(R31),ISNUMBER(AO31)),R31+AO31,"") | BC31: =IF(AND(S31="",T31=""),"",MIN(S31,T31)) -> 46291
A32: =IF(B32="","",ROW()-2) -> 30 | B32: M43015 | C32: 2020-007-B - 1 - HF AYAK SERIM | D32: =IFERROR(VALUE(TRIM(MID(C32,FIND(" - ",C32)+3,FIND(" - ",C32,FIND(" - ",C32)+3)-FIND(" - ",C32)-3))),"") -> 1 | E32: AYÇA GÖK | F32: 46289 | I32: 46289 | J32: 46290 | Q32: 46291 | T32: 46291 | Z32: =IF(B32="","",IF(S32<>"","Sevk Edildi",IF(AND(X32<>"",Y32=""),"Reworkte",IF(T32<>"","Kapandı"&IF(COUNT(G32:R32)=0,""," – "&LOOKUP(2,1/(G32:R32=MAX(G32:R32)),{"Tasarım","Ply Cutter","Üretim","Kalite (Üretim sonrası)","Talaşlı","Kalite (Talaşlı sonrası)","Montaj","Kalite (Montaj sonrası)","Boya","Kalite (Boya sonrası)","Yarı Mamül","KM"})),IF(COUNT(G32:R32)=0,"Başlamadı",LOOKUP(2,1/(G32:R32=MAX(G32:R32)),{"Tasarımda","Ply Cutter'da","Üretimde","Kalitede (Üretim sonrası)","Talaşlıda","Kalitede (Talaşlı sonrası)","Montajda","Kalitede (Montaj sonrası)","Boyada","Kalitede (Boya sonrası)","Yarı Mamülde","KM'de"})))))) -> Kapandı – Yarı Mamül | AA32: =IF(OR(B32="",F32=""),"",IFERROR(IF(S32<>"",S32-F32,IF(T32<>"",T32-F32,TODAY()-F32)),"")) -> 2 | AD32: =IF(OR($B32="",NOT(ISNUMBER(G32))),"",IF(COUNTIF(H32:$T32,G32)>0,0,IF(COUNTIF($G32:$T32,">"&G32)=0,"",SMALL($G32:$T32,COUNTIF($G32:$T32,"<="&G32)+1)-G32))) | AE32: =IF(OR($B32="",NOT(ISNUMBER(H32))),"",IF(COUNTIF(I32:$T32,H32)>0,0,IF(COUNTIF($G32:$T32,">"&H32)=0,"",SMALL($G32:$T32,COUNTIF($G32:$T32,"<="&H32)+1)-H32))) | AF32: =IF(OR($B32="",NOT(ISNUMBER(I32))),"",IF(COUNTIF(J32:$T32,I32)>0,0,IF(COUNTIF($G32:$T32,">"&I32)=0,"",SMALL($G32:$T32,COUNTIF($G32:$T32,"<="&I32)+1)-I32))) -> 1 | AG32: =IF(OR($B32="",NOT(ISNUMBER(J32))),"",IF(COUNTIF(K32:$T32,J32)>0,0,IF(COUNTIF($G32:$T32,">"&J32)=0,"",SMALL($G32:$T32,COUNTIF($G32:$T32,"<="&J32)+1)-J32))) -> 1 | AH32: =IF(OR($B32="",NOT(ISNUMBER(K32))),"",IF(COUNTIF(L32:$T32,K32)>0,0,IF(COUNTIF($G32:$T32,">"&K32)=0,"",SMALL($G32:$T32,COUNTIF($G32:$T32,"<="&K32)+1)-K32))) | AI32: =IF(OR($B32="",NOT(ISNUMBER(L32))),"",IF(COUNTIF(M32:$T32,L32)>0,0,IF(COUNTIF($G32:$T32,">"&L32)=0,"",SMALL($G32:$T32,COUNTIF($G32:$T32,"<="&L32)+1)-L32))) | AJ32: =IF(OR($B32="",NOT(ISNUMBER(M32))),"",IF(COUNTIF(N32:$T32,M32)>0,0,IF(COUNTIF($G32:$T32,">"&M32)=0,"",SMALL($G32:$T32,COUNTIF($G32:$T32,"<="&M32)+1)-M32))) | AK32: =IF(OR($B32="",NOT(ISNUMBER(N32))),"",IF(COUNTIF(O32:$T32,N32)>0,0,IF(COUNTIF($G32:$T32,">"&N32)=0,"",SMALL($G32:$T32,COUNTIF($G32:$T32,"<="&N32)+1)-N32))) | ... AO32: =IF(OR($B32="",NOT(ISNUMBER(R32))),"",IF(COUNTIF(S32:$T32,R32)>0,0,IF(COUNTIF($G32:$T32,">"&R32)=0,"",SMALL($G32:$T32,COUNTIF($G32:$T32,"<="&R32)+1)-R32))) | AP32: =IF(OR($B32="",Z32="",Z32="Başlamadı",Z32="Sevk Edildi",Z32="Reworkte",LEFT(Z32,7)="Kapandı"),0,TODAY()-MAX($G32:$R32)) -> 0 | AQ32: =IF(AND(ISNUMBER(G32),ISNUMBER(AD32)),G32+AD32,"") | AR32: =IF(AND(ISNUMBER(H32),ISNUMBER(AE32)),H32+AE32,"") | AS32: =IF(AND(ISNUMBER(I32),ISNUMBER(AF32)),I32+AF32,"") -> 46290 | AT32: =IF(AND(ISNUMBER(J32),ISNUMBER(AG32)),J32+AG32,"") -> 46291 | AU32: =IF(AND(ISNUMBER(K32),ISNUMBER(AH32)),K32+AH32,"") | AV32: =IF(AND(ISNUMBER(L32),ISNUMBER(AI32)),L32+AI32,"") | AW32: =IF(AND(ISNUMBER(M32),ISNUMBER(AJ32)),M32+AJ32,"") | AX32: =IF(AND(ISNUMBER(N32),ISNUMBER(AK32)),N32+AK32,"") | ... BB32: =IF(AND(ISNUMBER(R32),ISNUMBER(AO32)),R32+AO32,"") | BC32: =IF(AND(S32="",T32=""),"",MIN(S32,T32)) -> 46291
A33: =IF(B33="","",ROW()-2) -> 31 | B33: M43016 | C33: 2020-007-B - 1 - HF AYAK SERIM | D33: =IFERROR(VALUE(TRIM(MID(C33,FIND(" - ",C33)+3,FIND(" - ",C33,FIND(" - ",C33)+3)-FIND(" - ",C33)-3))),"") -> 1 | E33: AYÇA GÖK | F33: 46289 | I33: 46289 | J33: 46290 | Q33: 46291 | T33: 46291 | Z33: =IF(B33="","",IF(S33<>"","Sevk Edildi",IF(AND(X33<>"",Y33=""),"Reworkte",IF(T33<>"","Kapandı"&IF(COUNT(G33:R33)=0,""," – "&LOOKUP(2,1/(G33:R33=MAX(G33:R33)),{"Tasarım","Ply Cutter","Üretim","Kalite (Üretim sonrası)","Talaşlı","Kalite (Talaşlı sonrası)","Montaj","Kalite (Montaj sonrası)","Boya","Kalite (Boya sonrası)","Yarı Mamül","KM"})),IF(COUNT(G33:R33)=0,"Başlamadı",LOOKUP(2,1/(G33:R33=MAX(G33:R33)),{"Tasarımda","Ply Cutter'da","Üretimde","Kalitede (Üretim sonrası)","Talaşlıda","Kalitede (Talaşlı sonrası)","Montajda","Kalitede (Montaj sonrası)","Boyada","Kalitede (Boya sonrası)","Yarı Mamülde","KM'de"})))))) -> Kapandı – Yarı Mamül | AA33: =IF(OR(B33="",F33=""),"",IFERROR(IF(S33<>"",S33-F33,IF(T33<>"",T33-F33,TODAY()-F33)),"")) -> 2 | AD33: =IF(OR($B33="",NOT(ISNUMBER(G33))),"",IF(COUNTIF(H33:$T33,G33)>0,0,IF(COUNTIF($G33:$T33,">"&G33)=0,"",SMALL($G33:$T33,COUNTIF($G33:$T33,"<="&G33)+1)-G33))) | AE33: =IF(OR($B33="",NOT(ISNUMBER(H33))),"",IF(COUNTIF(I33:$T33,H33)>0,0,IF(COUNTIF($G33:$T33,">"&H33)=0,"",SMALL($G33:$T33,COUNTIF($G33:$T33,"<="&H33)+1)-H33))) | AF33: =IF(OR($B33="",NOT(ISNUMBER(I33))),"",IF(COUNTIF(J33:$T33,I33)>0,0,IF(COUNTIF($G33:$T33,">"&I33)=0,"",SMALL($G33:$T33,COUNTIF($G33:$T33,"<="&I33)+1)-I33))) -> 1 | AG33: =IF(OR($B33="",NOT(ISNUMBER(J33))),"",IF(COUNTIF(K33:$T33,J33)>0,0,IF(COUNTIF($G33:$T33,">"&J33)=0,"",SMALL($G33:$T33,COUNTIF($G33:$T33,"<="&J33)+1)-J33))) -> 1 | AH33: =IF(OR($B33="",NOT(ISNUMBER(K33))),"",IF(COUNTIF(L33:$T33,K33)>0,0,IF(COUNTIF($G33:$T33,">"&K33)=0,"",SMALL($G33:$T33,COUNTIF($G33:$T33,"<="&K33)+1)-K33))) | AI33: =IF(OR($B33="",NOT(ISNUMBER(L33))),"",IF(COUNTIF(M33:$T33,L33)>0,0,IF(COUNTIF($G33:$T33,">"&L33)=0,"",SMALL($G33:$T33,COUNTIF($G33:$T33,"<="&L33)+1)-L33))) | AJ33: =IF(OR($B33="",NOT(ISNUMBER(M33))),"",IF(COUNTIF(N33:$T33,M33)>0,0,IF(COUNTIF($G33:$T33,">"&M33)=0,"",SMALL($G33:$T33,COUNTIF($G33:$T33,"<="&M33)+1)-M33))) | AK33: =IF(OR($B33="",NOT(ISNUMBER(N33))),"",IF(COUNTIF(O33:$T33,N33)>0,0,IF(COUNTIF($G33:$T33,">"&N33)=0,"",SMALL($G33:$T33,COUNTIF($G33:$T33,"<="&N33)+1)-N33))) | ... AO33: =IF(OR($B33="",NOT(ISNUMBER(R33))),"",IF(COUNTIF(S33:$T33,R33)>0,0,IF(COUNTIF($G33:$T33,">"&R33)=0,"",SMALL($G33:$T33,COUNTIF($G33:$T33,"<="&R33)+1)-R33))) | AP33: =IF(OR($B33="",Z33="",Z33="Başlamadı",Z33="Sevk Edildi",Z33="Reworkte",LEFT(Z33,7)="Kapandı"),0,TODAY()-MAX($G33:$R33)) -> 0 | AQ33: =IF(AND(ISNUMBER(G33),ISNUMBER(AD33)),G33+AD33,"") | AR33: =IF(AND(ISNUMBER(H33),ISNUMBER(AE33)),H33+AE33,"") | AS33: =IF(AND(ISNUMBER(I33),ISNUMBER(AF33)),I33+AF33,"") -> 46290 | AT33: =IF(AND(ISNUMBER(J33),ISNUMBER(AG33)),J33+AG33,"") -> 46291 | AU33: =IF(AND(ISNUMBER(K33),ISNUMBER(AH33)),K33+AH33,"") | AV33: =IF(AND(ISNUMBER(L33),ISNUMBER(AI33)),L33+AI33,"") | AW33: =IF(AND(ISNUMBER(M33),ISNUMBER(AJ33)),M33+AJ33,"") | AX33: =IF(AND(ISNUMBER(N33),ISNUMBER(AK33)),N33+AK33,"") | ... BB33: =IF(AND(ISNUMBER(R33),ISNUMBER(AO33)),R33+AO33,"") | BC33: =IF(AND(S33="",T33=""),"",MIN(S33,T33)) -> 46291
A34: =IF(B34="","",ROW()-2) -> 32 | B34: M43017 | C34: MN-7516-0002-B - 1 - RADOM ANTEN YASSI KUCUK PGR S | D34: =IFERROR(VALUE(TRIM(MID(C34,FIND(" - ",C34)+3,FIND(" - ",C34,FIND(" - ",C34)+3)-FIND(" - ",C34)-3))),"") -> 1 | E34: AYÇA GÖK | F34: 46289 | I34: 46289 | J34: 46290 | Q34: 46291 | T34: 46291 | Z34: =IF(B34="","",IF(S34<>"","Sevk Edildi",IF(AND(X34<>"",Y34=""),"Reworkte",IF(T34<>"","Kapandı"&IF(COUNT(G34:R34)=0,""," – "&LOOKUP(2,1/(G34:R34=MAX(G34:R34)),{"Tasarım","Ply Cutter","Üretim","Kalite (Üretim sonrası)","Talaşlı","Kalite (Talaşlı sonrası)","Montaj","Kalite (Montaj sonrası)","Boya","Kalite (Boya sonrası)","Yarı Mamül","KM"})),IF(COUNT(G34:R34)=0,"Başlamadı",LOOKUP(2,1/(G34:R34=MAX(G34:R34)),{"Tasarımda","Ply Cutter'da","Üretimde","Kalitede (Üretim sonrası)","Talaşlıda","Kalitede (Talaşlı sonrası)","Montajda","Kalitede (Montaj sonrası)","Boyada","Kalitede (Boya sonrası)","Yarı Mamülde","KM'de"})))))) -> Kapandı – Yarı Mamül | AA34: =IF(OR(B34="",F34=""),"",IFERROR(IF(S34<>"",S34-F34,IF(T34<>"",T34-F34,TODAY()-F34)),"")) -> 2 | AD34: =IF(OR($B34="",NOT(ISNUMBER(G34))),"",IF(COUNTIF(H34:$T34,G34)>0,0,IF(COUNTIF($G34:$T34,">"&G34)=0,"",SMALL($G34:$T34,COUNTIF($G34:$T34,"<="&G34)+1)-G34))) | AE34: =IF(OR($B34="",NOT(ISNUMBER(H34))),"",IF(COUNTIF(I34:$T34,H34)>0,0,IF(COUNTIF($G34:$T34,">"&H34)=0,"",SMALL($G34:$T34,COUNTIF($G34:$T34,"<="&H34)+1)-H34))) | AF34: =IF(OR($B34="",NOT(ISNUMBER(I34))),"",IF(COUNTIF(J34:$T34,I34)>0,0,IF(COUNTIF($G34:$T34,">"&I34)=0,"",SMALL($G34:$T34,COUNTIF($G34:$T34,"<="&I34)+1)-I34))) -> 1 | AG34: =IF(OR($B34="",NOT(ISNUMBER(J34))),"",IF(COUNTIF(K34:$T34,J34)>0,0,IF(COUNTIF($G34:$T34,">"&J34)=0,"",SMALL($G34:$T34,COUNTIF($G34:$T34,"<="&J34)+1)-J34))) -> 1 | AH34: =IF(OR($B34="",NOT(ISNUMBER(K34))),"",IF(COUNTIF(L34:$T34,K34)>0,0,IF(COUNTIF($G34:$T34,">"&K34)=0,"",SMALL($G34:$T34,COUNTIF($G34:$T34,"<="&K34)+1)-K34))) | AI34: =IF(OR($B34="",NOT(ISNUMBER(L34))),"",IF(COUNTIF(M34:$T34,L34)>0,0,IF(COUNTIF($G34:$T34,">"&L34)=0,"",SMALL($G34:$T34,COUNTIF($G34:$T34,"<="&L34)+1)-L34))) | AJ34: =IF(OR($B34="",NOT(ISNUMBER(M34))),"",IF(COUNTIF(N34:$T34,M34)>0,0,IF(COUNTIF($G34:$T34,">"&M34)=0,"",SMALL($G34:$T34,COUNTIF($G34:$T34,"<="&M34)+1)-M34))) | AK34: =IF(OR($B34="",NOT(ISNUMBER(N34))),"",IF(COUNTIF(O34:$T34,N34)>0,0,IF(COUNTIF($G34:$T34,">"&N34)=0,"",SMALL($G34:$T34,COUNTIF($G34:$T34,"<="&N34)+1)-N34))) | ... AO34: =IF(OR($B34="",NOT(ISNUMBER(R34))),"",IF(COUNTIF(S34:$T34,R34)>0,0,IF(COUNTIF($G34:$T34,">"&R34)=0,"",SMALL($G34:$T34,COUNTIF($G34:$T34,"<="&R34)+1)-R34))) | AP34: =IF(OR($B34="",Z34="",Z34="Başlamadı",Z34="Sevk Edildi",Z34="Reworkte",LEFT(Z34,7)="Kapandı"),0,TODAY()-MAX($G34:$R34)) -> 0 | AQ34: =IF(AND(ISNUMBER(G34),ISNUMBER(AD34)),G34+AD34,"") | AR34: =IF(AND(ISNUMBER(H34),ISNUMBER(AE34)),H34+AE34,"") | AS34: =IF(AND(ISNUMBER(I34),ISNUMBER(AF34)),I34+AF34,"") -> 46290 | AT34: =IF(AND(ISNUMBER(J34),ISNUMBER(AG34)),J34+AG34,"") -> 46291 | AU34: =IF(AND(ISNUMBER(K34),ISNUMBER(AH34)),K34+AH34,"") | AV34: =IF(AND(ISNUMBER(L34),ISNUMBER(AI34)),L34+AI34,"") | AW34: =IF(AND(ISNUMBER(M34),ISNUMBER(AJ34)),M34+AJ34,"") | AX34: =IF(AND(ISNUMBER(N34),ISNUMBER(AK34)),N34+AK34,"") | ... BB34: =IF(AND(ISNUMBER(R34),ISNUMBER(AO34)),R34+AO34,"") | BC34: =IF(AND(S34="",T34=""),"",MIN(S34,T34)) -> 46291
A35: =IF(B35="","",ROW()-2) -> 33 | B35: M43018 | C35: SOM0003-B - 1 - SOM-KAPAK 2 LAY UP | D35: =IFERROR(VALUE(TRIM(MID(C35,FIND(" - ",C35)+3,FIND(" - ",C35,FIND(" - ",C35)+3)-FIND(" - ",C35)-3))),"") -> 1 | E35: AYÇA GÖK | F35: 46289 | I35: 46289 | J35: 46291 | Q35: 46293 | T35: 46293 | Z35: =IF(B35="","",IF(S35<>"","Sevk Edildi",IF(AND(X35<>"",Y35=""),"Reworkte",IF(T35<>"","Kapandı"&IF(COUNT(G35:R35)=0,""," – "&LOOKUP(2,1/(G35:R35=MAX(G35:R35)),{"Tasarım","Ply Cutter","Üretim","Kalite (Üretim sonrası)","Talaşlı","Kalite (Talaşlı sonrası)","Montaj","Kalite (Montaj sonrası)","Boya","Kalite (Boya sonrası)","Yarı Mamül","KM"})),IF(COUNT(G35:R35)=0,"Başlamadı",LOOKUP(2,1/(G35:R35=MAX(G35:R35)),{"Tasarımda","Ply Cutter'da","Üretimde","Kalitede (Üretim sonrası)","Talaşlıda","Kalitede (Talaşlı sonrası)","Montajda","Kalitede (Montaj sonrası)","Boyada","Kalitede (Boya sonrası)","Yarı Mamülde","KM'de"})))))) -> Kapandı – Yarı Mamül | AA35: =IF(OR(B35="",F35=""),"",IFERROR(IF(S35<>"",S35-F35,IF(T35<>"",T35-F35,TODAY()-F35)),"")) -> 4 | AD35: =IF(OR($B35="",NOT(ISNUMBER(G35))),"",IF(COUNTIF(H35:$T35,G35)>0,0,IF(COUNTIF($G35:$T35,">"&G35)=0,"",SMALL($G35:$T35,COUNTIF($G35:$T35,"<="&G35)+1)-G35))) | AE35: =IF(OR($B35="",NOT(ISNUMBER(H35))),"",IF(COUNTIF(I35:$T35,H35)>0,0,IF(COUNTIF($G35:$T35,">"&H35)=0,"",SMALL($G35:$T35,COUNTIF($G35:$T35,"<="&H35)+1)-H35))) | AF35: =IF(OR($B35="",NOT(ISNUMBER(I35))),"",IF(COUNTIF(J35:$T35,I35)>0,0,IF(COUNTIF($G35:$T35,">"&I35)=0,"",SMALL($G35:$T35,COUNTIF($G35:$T35,"<="&I35)+1)-I35))) -> 2 | AG35: =IF(OR($B35="",NOT(ISNUMBER(J35))),"",IF(COUNTIF(K35:$T35,J35)>0,0,IF(COUNTIF($G35:$T35,">"&J35)=0,"",SMALL($G35:$T35,COUNTIF($G35:$T35,"<="&J35)+1)-J35))) -> 2 | AH35: =IF(OR($B35="",NOT(ISNUMBER(K35))),"",IF(COUNTIF(L35:$T35,K35)>0,0,IF(COUNTIF($G35:$T35,">"&K35)=0,"",SMALL($G35:$T35,COUNTIF($G35:$T35,"<="&K35)+1)-K35))) | AI35: =IF(OR($B35="",NOT(ISNUMBER(L35))),"",IF(COUNTIF(M35:$T35,L35)>0,0,IF(COUNTIF($G35:$T35,">"&L35)=0,"",SMALL($G35:$T35,COUNTIF($G35:$T35,"<="&L35)+1)-L35))) | AJ35: =IF(OR($B35="",NOT(ISNUMBER(M35))),"",IF(COUNTIF(N35:$T35,M35)>0,0,IF(COUNTIF($G35:$T35,">"&M35)=0,"",SMALL($G35:$T35,COUNTIF($G35:$T35,"<="&M35)+1)-M35))) | AK35: =IF(OR($B35="",NOT(ISNUMBER(N35))),"",IF(COUNTIF(O35:$T35,N35)>0,0,IF(COUNTIF($G35:$T35,">"&N35)=0,"",SMALL($G35:$T35,COUNTIF($G35:$T35,"<="&N35)+1)-N35))) | ... AO35: =IF(OR($B35="",NOT(ISNUMBER(R35))),"",IF(COUNTIF(S35:$T35,R35)>0,0,IF(COUNTIF($G35:$T35,">"&R35)=0,"",SMALL($G35:$T35,COUNTIF($G35:$T35,"<="&R35)+1)-R35))) | AP35: =IF(OR($B35="",Z35="",Z35="Başlamadı",Z35="Sevk Edildi",Z35="Reworkte",LEFT(Z35,7)="Kapandı"),0,TODAY()-MAX($G35:$R35)) -> 0 | AQ35: =IF(AND(ISNUMBER(G35),ISNUMBER(AD35)),G35+AD35,"") | AR35: =IF(AND(ISNUMBER(H35),ISNUMBER(AE35)),H35+AE35,"") | AS35: =IF(AND(ISNUMBER(I35),ISNUMBER(AF35)),I35+AF35,"") -> 46291 | AT35: =IF(AND(ISNUMBER(J35),ISNUMBER(AG35)),J35+AG35,"") -> 46293 | AU35: =IF(AND(ISNUMBER(K35),ISNUMBER(AH35)),K35+AH35,"") | AV35: =IF(AND(ISNUMBER(L35),ISNUMBER(AI35)),L35+AI35,"") | AW35: =IF(AND(ISNUMBER(M35),ISNUMBER(AJ35)),M35+AJ35,"") | AX35: =IF(AND(ISNUMBER(N35),ISNUMBER(AK35)),N35+AK35,"") | ... BB35: =IF(AND(ISNUMBER(R35),ISNUMBER(AO35)),R35+AO35,"") | BC35: =IF(AND(S35="",T35=""),"",MIN(S35,T35)) -> 46293
A36: =IF(B36="","",ROW()-2) -> 34 | B36: M43019 | C36: SOM0005-B - 1 - SOM- SIRTLIK ARKA UST ALT LAY UP | D36: =IFERROR(VALUE(TRIM(MID(C36,FIND(" - ",C36)+3,FIND(" - ",C36,FIND(" - ",C36)+3)-FIND(" - ",C36)-3))),"") -> 1 | E36: AYÇA GÖK | F36: 46289 | I36: 46287 | J36: 46291 | Q36: 46293 | T36: 46293 | Z36: =IF(B36="","",IF(S36<>"","Sevk Edildi",IF(AND(X36<>"",Y36=""),"Reworkte",IF(T36<>"","Kapandı"&IF(COUNT(G36:R36)=0,""," – "&LOOKUP(2,1/(G36:R36=MAX(G36:R36)),{"Tasarım","Ply Cutter","Üretim","Kalite (Üretim sonrası)","Talaşlı","Kalite (Talaşlı sonrası)","Montaj","Kalite (Montaj sonrası)","Boya","Kalite (Boya sonrası)","Yarı Mamül","KM"})),IF(COUNT(G36:R36)=0,"Başlamadı",LOOKUP(2,1/(G36:R36=MAX(G36:R36)),{"Tasarımda","Ply Cutter'da","Üretimde","Kalitede (Üretim sonrası)","Talaşlıda","Kalitede (Talaşlı sonrası)","Montajda","Kalitede (Montaj sonrası)","Boyada","Kalitede (Boya sonrası)","Yarı Mamülde","KM'de"})))))) -> Kapandı – Yarı Mamül | AA36: =IF(OR(B36="",F36=""),"",IFERROR(IF(S36<>"",S36-F36,IF(T36<>"",T36-F36,TODAY()-F36)),"")) -> 4 | AD36: =IF(OR($B36="",NOT(ISNUMBER(G36))),"",IF(COUNTIF(H36:$T36,G36)>0,0,IF(COUNTIF($G36:$T36,">"&G36)=0,"",SMALL($G36:$T36,COUNTIF($G36:$T36,"<="&G36)+1)-G36))) | AE36: =IF(OR($B36="",NOT(ISNUMBER(H36))),"",IF(COUNTIF(I36:$T36,H36)>0,0,IF(COUNTIF($G36:$T36,">"&H36)=0,"",SMALL($G36:$T36,COUNTIF($G36:$T36,"<="&H36)+1)-H36))) | AF36: =IF(OR($B36="",NOT(ISNUMBER(I36))),"",IF(COUNTIF(J36:$T36,I36)>0,0,IF(COUNTIF($G36:$T36,">"&I36)=0,"",SMALL($G36:$T36,COUNTIF($G36:$T36,"<="&I36)+1)-I36))) -> 4 | AG36: =IF(OR($B36="",NOT(ISNUMBER(J36))),"",IF(COUNTIF(K36:$T36,J36)>0,0,IF(COUNTIF($G36:$T36,">"&J36)=0,"",SMALL($G36:$T36,COUNTIF($G36:$T36,"<="&J36)+1)-J36))) -> 2 | AH36: =IF(OR($B36="",NOT(ISNUMBER(K36))),"",IF(COUNTIF(L36:$T36,K36)>0,0,IF(COUNTIF($G36:$T36,">"&K36)=0,"",SMALL($G36:$T36,COUNTIF($G36:$T36,"<="&K36)+1)-K36))) | AI36: =IF(OR($B36="",NOT(ISNUMBER(L36))),"",IF(COUNTIF(M36:$T36,L36)>0,0,IF(COUNTIF($G36:$T36,">"&L36)=0,"",SMALL($G36:$T36,COUNTIF($G36:$T36,"<="&L36)+1)-L36))) | AJ36: =IF(OR($B36="",NOT(ISNUMBER(M36))),"",IF(COUNTIF(N36:$T36,M36)>0,0,IF(COUNTIF($G36:$T36,">"&M36)=0,"",SMALL($G36:$T36,COUNTIF($G36:$T36,"<="&M36)+1)-M36))) | AK36: =IF(OR($B36="",NOT(ISNUMBER(N36))),"",IF(COUNTIF(O36:$T36,N36)>0,0,IF(COUNTIF($G36:$T36,">"&N36)=0,"",SMALL($G36:$T36,COUNTIF($G36:$T36,"<="&N36)+1)-N36))) | ... AO36: =IF(OR($B36="",NOT(ISNUMBER(R36))),"",IF(COUNTIF(S36:$T36,R36)>0,0,IF(COUNTIF($G36:$T36,">"&R36)=0,"",SMALL($G36:$T36,COUNTIF($G36:$T36,"<="&R36)+1)-R36))) | AP36: =IF(OR($B36="",Z36="",Z36="Başlamadı",Z36="Sevk Edildi",Z36="Reworkte",LEFT(Z36,7)="Kapandı"),0,TODAY()-MAX($G36:$R36)) -> 0 | AQ36: =IF(AND(ISNUMBER(G36),ISNUMBER(AD36)),G36+AD36,"") | AR36: =IF(AND(ISNUMBER(H36),ISNUMBER(AE36)),H36+AE36,"") | AS36: =IF(AND(ISNUMBER(I36),ISNUMBER(AF36)),I36+AF36,"") -> 46291 | AT36: =IF(AND(ISNUMBER(J36),ISNUMBER(AG36)),J36+AG36,"") -> 46293 | AU36: =IF(AND(ISNUMBER(K36),ISNUMBER(AH36)),K36+AH36,"") | AV36: =IF(AND(ISNUMBER(L36),ISNUMBER(AI36)),L36+AI36,"") | AW36: =IF(AND(ISNUMBER(M36),ISNUMBER(AJ36)),M36+AJ36,"") | AX36: =IF(AND(ISNUMBER(N36),ISNUMBER(AK36)),N36+AK36,"") | ... BB36: =IF(AND(ISNUMBER(R36),ISNUMBER(AO36)),R36+AO36,"") | BC36: =IF(AND(S36="",T36=""),"",MIN(S36,T36)) -> 46293
A37: =IF(B37="","",ROW()-2) -> 35 | B37: M43020 | C37: MN-0000-5133-KNM2-B - 9 - RADOM ANTEN KOPUK SILIND | D37: =IFERROR(VALUE(TRIM(MID(C37,FIND(" - ",C37)+3,FIND(" - ",C37,FIND(" - ",C37)+3)-FIND(" - ",C37)-3))),"") -> 9 | E37: ÖMER ÖZCAN | F37: 46289 | L37: 46289 | T37: 46289 | Z37: =IF(B37="","",IF(S37<>"","Sevk Edildi",IF(AND(X37<>"",Y37=""),"Reworkte",IF(T37<>"","Kapandı"&IF(COUNT(G37:R37)=0,""," – "&LOOKUP(2,1/(G37:R37=MAX(G37:R37)),{"Tasarım","Ply Cutter","Üretim","Kalite (Üretim sonrası)","Talaşlı","Kalite (Talaşlı sonrası)","Montaj","Kalite (Montaj sonrası)","Boya","Kalite (Boya sonrası)","Yarı Mamül","KM"})),IF(COUNT(G37:R37)=0,"Başlamadı",LOOKUP(2,1/(G37:R37=MAX(G37:R37)),{"Tasarımda","Ply Cutter'da","Üretimde","Kalitede (Üretim sonrası)","Talaşlıda","Kalitede (Talaşlı sonrası)","Montajda","Kalitede (Montaj sonrası)","Boyada","Kalitede (Boya sonrası)","Yarı Mamülde","KM'de"})))))) -> Kapandı – Kalite (Talaşlı sonrası) | AA37: =IF(OR(B37="",F37=""),"",IFERROR(IF(S37<>"",S37-F37,IF(T37<>"",T37-F37,TODAY()-F37)),"")) -> 0 | AD37: =IF(OR($B37="",NOT(ISNUMBER(G37))),"",IF(COUNTIF(H37:$T37,G37)>0,0,IF(COUNTIF($G37:$T37,">"&G37)=0,"",SMALL($G37:$T37,COUNTIF($G37:$T37,"<="&G37)+1)-G37))) | AE37: =IF(OR($B37="",NOT(ISNUMBER(H37))),"",IF(COUNTIF(I37:$T37,H37)>0,0,IF(COUNTIF($G37:$T37,">"&H37)=0,"",SMALL($G37:$T37,COUNTIF($G37:$T37,"<="&H37)+1)-H37))) | AF37: =IF(OR($B37="",NOT(ISNUMBER(I37))),"",IF(COUNTIF(J37:$T37,I37)>0,0,IF(COUNTIF($G37:$T37,">"&I37)=0,"",SMALL($G37:$T37,COUNTIF($G37:$T37,"<="&I37)+1)-I37))) | AG37: =IF(OR($B37="",NOT(ISNUMBER(J37))),"",IF(COUNTIF(K37:$T37,J37)>0,0,IF(COUNTIF($G37:$T37,">"&J37)=0,"",SMALL($G37:$T37,COUNTIF($G37:$T37,"<="&J37)+1)-J37))) | AH37: =IF(OR($B37="",NOT(ISNUMBER(K37))),"",IF(COUNTIF(L37:$T37,K37)>0,0,IF(COUNTIF($G37:$T37,">"&K37)=0,"",SMALL($G37:$T37,COUNTIF($G37:$T37,"<="&K37)+1)-K37))) | AI37: =IF(OR($B37="",NOT(ISNUMBER(L37))),"",IF(COUNTIF(M37:$T37,L37)>0,0,IF(COUNTIF($G37:$T37,">"&L37)=0,"",SMALL($G37:$T37,COUNTIF($G37:$T37,"<="&L37)+1)-L37))) -> 0 | AJ37: =IF(OR($B37="",NOT(ISNUMBER(M37))),"",IF(COUNTIF(N37:$T37,M37)>0,0,IF(COUNTIF($G37:$T37,">"&M37)=0,"",SMALL($G37:$T37,COUNTIF($G37:$T37,"<="&M37)+1)-M37))) | AK37: =IF(OR($B37="",NOT(ISNUMBER(N37))),"",IF(COUNTIF(O37:$T37,N37)>0,0,IF(COUNTIF($G37:$T37,">"&N37)=0,"",SMALL($G37:$T37,COUNTIF($G37:$T37,"<="&N37)+1)-N37))) | ... AO37: =IF(OR($B37="",NOT(ISNUMBER(R37))),"",IF(COUNTIF(S37:$T37,R37)>0,0,IF(COUNTIF($G37:$T37,">"&R37)=0,"",SMALL($G37:$T37,COUNTIF($G37:$T37,"<="&R37)+1)-R37))) | AP37: =IF(OR($B37="",Z37="",Z37="Başlamadı",Z37="Sevk Edildi",Z37="Reworkte",LEFT(Z37,7)="Kapandı"),0,TODAY()-MAX($G37:$R37)) -> 0 | AQ37: =IF(AND(ISNUMBER(G37),ISNUMBER(AD37)),G37+AD37,"") | AR37: =IF(AND(ISNUMBER(H37),ISNUMBER(AE37)),H37+AE37,"") | AS37: =IF(AND(ISNUMBER(I37),ISNUMBER(AF37)),I37+AF37,"") | AT37: =IF(AND(ISNUMBER(J37),ISNUMBER(AG37)),J37+AG37,"") | AU37: =IF(AND(ISNUMBER(K37),ISNUMBER(AH37)),K37+AH37,"") | AV37: =IF(AND(ISNUMBER(L37),ISNUMBER(AI37)),L37+AI37,"") -> 46289 | AW37: =IF(AND(ISNUMBER(M37),ISNUMBER(AJ37)),M37+AJ37,"") | AX37: =IF(AND(ISNUMBER(N37),ISNUMBER(AK37)),N37+AK37,"") | ... BB37: =IF(AND(ISNUMBER(R37),ISNUMBER(AO37)),R37+AO37,"") | BC37: =IF(AND(S37="",T37=""),"",MIN(S37,T37)) -> 46289
A38: =IF(B38="","",ROW()-2) -> 36 | B38: M43021 | C38: MN-7637-0011-B - 1 - RADOM KOMPOZIT BANT 7 SERIM | D38: =IFERROR(VALUE(TRIM(MID(C38,FIND(" - ",C38)+3,FIND(" - ",C38,FIND(" - ",C38)+3)-FIND(" - ",C38)-3))),"") -> 1 | E38: AYÇA GÖK | F38: 46289 | I38: 46289 | J38: 46290 | T38: 46290 | Z38: =IF(B38="","",IF(S38<>"","Sevk Edildi",IF(AND(X38<>"",Y38=""),"Reworkte",IF(T38<>"","Kapandı"&IF(COUNT(G38:R38)=0,""," – "&LOOKUP(2,1/(G38:R38=MAX(G38:R38)),{"Tasarım","Ply Cutter","Üretim","Kalite (Üretim sonrası)","Talaşlı","Kalite (Talaşlı sonrası)","Montaj","Kalite (Montaj sonrası)","Boya","Kalite (Boya sonrası)","Yarı Mamül","KM"})),IF(COUNT(G38:R38)=0,"Başlamadı",LOOKUP(2,1/(G38:R38=MAX(G38:R38)),{"Tasarımda","Ply Cutter'da","Üretimde","Kalitede (Üretim sonrası)","Talaşlıda","Kalitede (Talaşlı sonrası)","Montajda","Kalitede (Montaj sonrası)","Boyada","Kalitede (Boya sonrası)","Yarı Mamülde","KM'de"})))))) -> Kapandı – Kalite (Üretim sonrası) | AA38: =IF(OR(B38="",F38=""),"",IFERROR(IF(S38<>"",S38-F38,IF(T38<>"",T38-F38,TODAY()-F38)),"")) -> 1 | AB38: YAPILMADI | AD38: =IF(OR($B38="",NOT(ISNUMBER(G38))),"",IF(COUNTIF(H38:$T38,G38)>0,0,IF(COUNTIF($G38:$T38,">"&G38)=0,"",SMALL($G38:$T38,COUNTIF($G38:$T38,"<="&G38)+1)-G38))) | AE38: =IF(OR($B38="",NOT(ISNUMBER(H38))),"",IF(COUNTIF(I38:$T38,H38)>0,0,IF(COUNTIF($G38:$T38,">"&H38)=0,"",SMALL($G38:$T38,COUNTIF($G38:$T38,"<="&H38)+1)-H38))) | AF38: =IF(OR($B38="",NOT(ISNUMBER(I38))),"",IF(COUNTIF(J38:$T38,I38)>0,0,IF(COUNTIF($G38:$T38,">"&I38)=0,"",SMALL($G38:$T38,COUNTIF($G38:$T38,"<="&I38)+1)-I38))) -> 1 | AG38: =IF(OR($B38="",NOT(ISNUMBER(J38))),"",IF(COUNTIF(K38:$T38,J38)>0,0,IF(COUNTIF($G38:$T38,">"&J38)=0,"",SMALL($G38:$T38,COUNTIF($G38:$T38,"<="&J38)+1)-J38))) -> 0 | AH38: =IF(OR($B38="",NOT(ISNUMBER(K38))),"",IF(COUNTIF(L38:$T38,K38)>0,0,IF(COUNTIF($G38:$T38,">"&K38)=0,"",SMALL($G38:$T38,COUNTIF($G38:$T38,"<="&K38)+1)-K38))) | AI38: =IF(OR($B38="",NOT(ISNUMBER(L38))),"",IF(COUNTIF(M38:$T38,L38)>0,0,IF(COUNTIF($G38:$T38,">"&L38)=0,"",SMALL($G38:$T38,COUNTIF($G38:$T38,"<="&L38)+1)-L38))) | AJ38: =IF(OR($B38="",NOT(ISNUMBER(M38))),"",IF(COUNTIF(N38:$T38,M38)>0,0,IF(COUNTIF($G38:$T38,">"&M38)=0,"",SMALL($G38:$T38,COUNTIF($G38:$T38,"<="&M38)+1)-M38))) | AK38: =IF(OR($B38="",NOT(ISNUMBER(N38))),"",IF(COUNTIF(O38:$T38,N38)>0,0,IF(COUNTIF($G38:$T38,">"&N38)=0,"",SMALL($G38:$T38,COUNTIF($G38:$T38,"<="&N38)+1)-N38))) | ... AO38: =IF(OR($B38="",NOT(ISNUMBER(R38))),"",IF(COUNTIF(S38:$T38,R38)>0,0,IF(COUNTIF($G38:$T38,">"&R38)=0,"",SMALL($G38:$T38,COUNTIF($G38:$T38,"<="&R38)+1)-R38))) | AP38: =IF(OR($B38="",Z38="",Z38="Başlamadı",Z38="Sevk Edildi",Z38="Reworkte",LEFT(Z38,7)="Kapandı"),0,TODAY()-MAX($G38:$R38)) -> 0 | AQ38: =IF(AND(ISNUMBER(G38),ISNUMBER(AD38)),G38+AD38,"") | AR38: =IF(AND(ISNUMBER(H38),ISNUMBER(AE38)),H38+AE38,"") | AS38: =IF(AND(ISNUMBER(I38),ISNUMBER(AF38)),I38+AF38,"") -> 46290 | AT38: =IF(AND(ISNUMBER(J38),ISNUMBER(AG38)),J38+AG38,"") -> 46290 | AU38: =IF(AND(ISNUMBER(K38),ISNUMBER(AH38)),K38+AH38,"") | AV38: =IF(AND(ISNUMBER(L38),ISNUMBER(AI38)),L38+AI38,"") | AW38: =IF(AND(ISNUMBER(M38),ISNUMBER(AJ38)),M38+AJ38,"") | AX38: =IF(AND(ISNUMBER(N38),ISNUMBER(AK38)),N38+AK38,"") | ... BB38: =IF(AND(ISNUMBER(R38),ISNUMBER(AO38)),R38+AO38,"") | BC38: =IF(AND(S38="",T38=""),"",MIN(S38,T38)) -> 46290
A39: =IF(B39="","",ROW()-2) -> 37 | B39: M43022 | C39: 10117526 - 10 - AVCI KOMPOZIT IC PLASTIK PLAKASI P | D39: =IFERROR(VALUE(TRIM(MID(C39,FIND(" - ",C39)+3,FIND(" - ",C39,FIND(" - ",C39)+3)-FIND(" - ",C39)-3))),"") -> 10 | E39: ÖMER ÖZCAN | F39: 46289 | K39: 46289 | L39: 46291 | T39: 46291 | Z39: =IF(B39="","",IF(S39<>"","Sevk Edildi",IF(AND(X39<>"",Y39=""),"Reworkte",IF(T39<>"","Kapandı"&IF(COUNT(G39:R39)=0,""," – "&LOOKUP(2,1/(G39:R39=MAX(G39:R39)),{"Tasarım","Ply Cutter","Üretim","Kalite (Üretim sonrası)","Talaşlı","Kalite (Talaşlı sonrası)","Montaj","Kalite (Montaj sonrası)","Boya","Kalite (Boya sonrası)","Yarı Mamül","KM"})),IF(COUNT(G39:R39)=0,"Başlamadı",LOOKUP(2,1/(G39:R39=MAX(G39:R39)),{"Tasarımda","Ply Cutter'da","Üretimde","Kalitede (Üretim sonrası)","Talaşlıda","Kalitede (Talaşlı sonrası)","Montajda","Kalitede (Montaj sonrası)","Boyada","Kalitede (Boya sonrası)","Yarı Mamülde","KM'de"})))))) -> Kapandı – Kalite (Talaşlı sonrası) | AA39: =IF(OR(B39="",F39=""),"",IFERROR(IF(S39<>"",S39-F39,IF(T39<>"",T39-F39,TODAY()-F39)),"")) -> 2 | AD39: =IF(OR($B39="",NOT(ISNUMBER(G39))),"",IF(COUNTIF(H39:$T39,G39)>0,0,IF(COUNTIF($G39:$T39,">"&G39)=0,"",SMALL($G39:$T39,COUNTIF($G39:$T39,"<="&G39)+1)-G39))) | AE39: =IF(OR($B39="",NOT(ISNUMBER(H39))),"",IF(COUNTIF(I39:$T39,H39)>0,0,IF(COUNTIF($G39:$T39,">"&H39)=0,"",SMALL($G39:$T39,COUNTIF($G39:$T39,"<="&H39)+1)-H39))) | AF39: =IF(OR($B39="",NOT(ISNUMBER(I39))),"",IF(COUNTIF(J39:$T39,I39)>0,0,IF(COUNTIF($G39:$T39,">"&I39)=0,"",SMALL($G39:$T39,COUNTIF($G39:$T39,"<="&I39)+1)-I39))) | AG39: =IF(OR($B39="",NOT(ISNUMBER(J39))),"",IF(COUNTIF(K39:$T39,J39)>0,0,IF(COUNTIF($G39:$T39,">"&J39)=0,"",SMALL($G39:$T39,COUNTIF($G39:$T39,"<="&J39)+1)-J39))) | AH39: =IF(OR($B39="",NOT(ISNUMBER(K39))),"",IF(COUNTIF(L39:$T39,K39)>0,0,IF(COUNTIF($G39:$T39,">"&K39)=0,"",SMALL($G39:$T39,COUNTIF($G39:$T39,"<="&K39)+1)-K39))) -> 2 | AI39: =IF(OR($B39="",NOT(ISNUMBER(L39))),"",IF(COUNTIF(M39:$T39,L39)>0,0,IF(COUNTIF($G39:$T39,">"&L39)=0,"",SMALL($G39:$T39,COUNTIF($G39:$T39,"<="&L39)+1)-L39))) -> 0 | AJ39: =IF(OR($B39="",NOT(ISNUMBER(M39))),"",IF(COUNTIF(N39:$T39,M39)>0,0,IF(COUNTIF($G39:$T39,">"&M39)=0,"",SMALL($G39:$T39,COUNTIF($G39:$T39,"<="&M39)+1)-M39))) | AK39: =IF(OR($B39="",NOT(ISNUMBER(N39))),"",IF(COUNTIF(O39:$T39,N39)>0,0,IF(COUNTIF($G39:$T39,">"&N39)=0,"",SMALL($G39:$T39,COUNTIF($G39:$T39,"<="&N39)+1)-N39))) | ... AO39: =IF(OR($B39="",NOT(ISNUMBER(R39))),"",IF(COUNTIF(S39:$T39,R39)>0,0,IF(COUNTIF($G39:$T39,">"&R39)=0,"",SMALL($G39:$T39,COUNTIF($G39:$T39,"<="&R39)+1)-R39))) | AP39: =IF(OR($B39="",Z39="",Z39="Başlamadı",Z39="Sevk Edildi",Z39="Reworkte",LEFT(Z39,7)="Kapandı"),0,TODAY()-MAX($G39:$R39)) -> 0 | AQ39: =IF(AND(ISNUMBER(G39),ISNUMBER(AD39)),G39+AD39,"") | AR39: =IF(AND(ISNUMBER(H39),ISNUMBER(AE39)),H39+AE39,"") | AS39: =IF(AND(ISNUMBER(I39),ISNUMBER(AF39)),I39+AF39,"") | AT39: =IF(AND(ISNUMBER(J39),ISNUMBER(AG39)),J39+AG39,"") | AU39: =IF(AND(ISNUMBER(K39),ISNUMBER(AH39)),K39+AH39,"") -> 46291 | AV39: =IF(AND(ISNUMBER(L39),ISNUMBER(AI39)),L39+AI39,"") -> 46291 | AW39: =IF(AND(ISNUMBER(M39),ISNUMBER(AJ39)),M39+AJ39,"") | AX39: =IF(AND(ISNUMBER(N39),ISNUMBER(AK39)),N39+AK39,"") | ... BB39: =IF(AND(ISNUMBER(R39),ISNUMBER(AO39)),R39+AO39,"") | BC39: =IF(AND(S39="",T39=""),"",MIN(S39,T39)) -> 46291
A40: =IF(B40="","",ROW()-2) -> 38 | B40: M43023 | C40: 00043941-C - 5 - GOVDE,HA BOYA | D40: =IFERROR(VALUE(TRIM(MID(C40,FIND(" - ",C40)+3,FIND(" - ",C40,FIND(" - ",C40)+3)-FIND(" - ",C40)-3))),"") -> 5 | E40: AYÇA GÖK | F40: 46289 | O40: 46289 | P40: 46291 | T40: 46291 | Z40: =IF(B40="","",IF(S40<>"","Sevk Edildi",IF(AND(X40<>"",Y40=""),"Reworkte",IF(T40<>"","Kapandı"&IF(COUNT(G40:R40)=0,""," – "&LOOKUP(2,1/(G40:R40=MAX(G40:R40)),{"Tasarım","Ply Cutter","Üretim","Kalite (Üretim sonrası)","Talaşlı","Kalite (Talaşlı sonrası)","Montaj","Kalite (Montaj sonrası)","Boya","Kalite (Boya sonrası)","Yarı Mamül","KM"})),IF(COUNT(G40:R40)=0,"Başlamadı",LOOKUP(2,1/(G40:R40=MAX(G40:R40)),{"Tasarımda","Ply Cutter'da","Üretimde","Kalitede (Üretim sonrası)","Talaşlıda","Kalitede (Talaşlı sonrası)","Montajda","Kalitede (Montaj sonrası)","Boyada","Kalitede (Boya sonrası)","Yarı Mamülde","KM'de"})))))) -> Kapandı – Kalite (Boya sonrası) | AA40: =IF(OR(B40="",F40=""),"",IFERROR(IF(S40<>"",S40-F40,IF(T40<>"",T40-F40,TODAY()-F40)),"")) -> 2 | AD40: =IF(OR($B40="",NOT(ISNUMBER(G40))),"",IF(COUNTIF(H40:$T40,G40)>0,0,IF(COUNTIF($G40:$T40,">"&G40)=0,"",SMALL($G40:$T40,COUNTIF($G40:$T40,"<="&G40)+1)-G40))) | AE40: =IF(OR($B40="",NOT(ISNUMBER(H40))),"",IF(COUNTIF(I40:$T40,H40)>0,0,IF(COUNTIF($G40:$T40,">"&H40)=0,"",SMALL($G40:$T40,COUNTIF($G40:$T40,"<="&H40)+1)-H40))) | AF40: =IF(OR($B40="",NOT(ISNUMBER(I40))),"",IF(COUNTIF(J40:$T40,I40)>0,0,IF(COUNTIF($G40:$T40,">"&I40)=0,"",SMALL($G40:$T40,COUNTIF($G40:$T40,"<="&I40)+1)-I40))) | AG40: =IF(OR($B40="",NOT(ISNUMBER(J40))),"",IF(COUNTIF(K40:$T40,J40)>0,0,IF(COUNTIF($G40:$T40,">"&J40)=0,"",SMALL($G40:$T40,COUNTIF($G40:$T40,"<="&J40)+1)-J40))) | AH40: =IF(OR($B40="",NOT(ISNUMBER(K40))),"",IF(COUNTIF(L40:$T40,K40)>0,0,IF(COUNTIF($G40:$T40,">"&K40)=0,"",SMALL($G40:$T40,COUNTIF($G40:$T40,"<="&K40)+1)-K40))) | AI40: =IF(OR($B40="",NOT(ISNUMBER(L40))),"",IF(COUNTIF(M40:$T40,L40)>0,0,IF(COUNTIF($G40:$T40,">"&L40)=0,"",SMALL($G40:$T40,COUNTIF($G40:$T40,"<="&L40)+1)-L40))) | AJ40: =IF(OR($B40="",NOT(ISNUMBER(M40))),"",IF(COUNTIF(N40:$T40,M40)>0,0,IF(COUNTIF($G40:$T40,">"&M40)=0,"",SMALL($G40:$T40,COUNTIF($G40:$T40,"<="&M40)+1)-M40))) | AK40: =IF(OR($B40="",NOT(ISNUMBER(N40))),"",IF(COUNTIF(O40:$T40,N40)>0,0,IF(COUNTIF($G40:$T40,">"&N40)=0,"",SMALL($G40:$T40,COUNTIF($G40:$T40,"<="&N40)+1)-N40))) | ... AO40: =IF(OR($B40="",NOT(ISNUMBER(R40))),"",IF(COUNTIF(S40:$T40,R40)>0,0,IF(COUNTIF($G40:$T40,">"&R40)=0,"",SMALL($G40:$T40,COUNTIF($G40:$T40,"<="&R40)+1)-R40))) | AP40: =IF(OR($B40="",Z40="",Z40="Başlamadı",Z40="Sevk Edildi",Z40="Reworkte",LEFT(Z40,7)="Kapandı"),0,TODAY()-MAX($G40:$R40)) -> 0 | AQ40: =IF(AND(ISNUMBER(G40),ISNUMBER(AD40)),G40+AD40,"") | AR40: =IF(AND(ISNUMBER(H40),ISNUMBER(AE40)),H40+AE40,"") | AS40: =IF(AND(ISNUMBER(I40),ISNUMBER(AF40)),I40+AF40,"") | AT40: =IF(AND(ISNUMBER(J40),ISNUMBER(AG40)),J40+AG40,"") | AU40: =IF(AND(ISNUMBER(K40),ISNUMBER(AH40)),K40+AH40,"") | AV40: =IF(AND(ISNUMBER(L40),ISNUMBER(AI40)),L40+AI40,"") | AW40: =IF(AND(ISNUMBER(M40),ISNUMBER(AJ40)),M40+AJ40,"") | AX40: =IF(AND(ISNUMBER(N40),ISNUMBER(AK40)),N40+AK40,"") | ... BB40: =IF(AND(ISNUMBER(R40),ISNUMBER(AO40)),R40+AO40,"") | BC40: =IF(AND(S40="",T40=""),"",MIN(S40,T40)) -> 46291
A41: =IF(B41="","",ROW()-2) -> 39 | B41: M43024 | C41: GN-7743-0001-C - 5 - RADOM KOMPOZIT BANT3/BANT4 MO | D41: =IFERROR(VALUE(TRIM(MID(C41,FIND(" - ",C41)+3,FIND(" - ",C41,FIND(" - ",C41)+3)-FIND(" - ",C41)-3))),"") -> 5 | E41: AYÇA GÖK | F41: 46289 | K41: 46289 | L41: 46291 | T41: 46291 | Z41: =IF(B41="","",IF(S41<>"","Sevk Edildi",IF(AND(X41<>"",Y41=""),"Reworkte",IF(T41<>"","Kapandı"&IF(COUNT(G41:R41)=0,""," – "&LOOKUP(2,1/(G41:R41=MAX(G41:R41)),{"Tasarım","Ply Cutter","Üretim","Kalite (Üretim sonrası)","Talaşlı","Kalite (Talaşlı sonrası)","Montaj","Kalite (Montaj sonrası)","Boya","Kalite (Boya sonrası)","Yarı Mamül","KM"})),IF(COUNT(G41:R41)=0,"Başlamadı",LOOKUP(2,1/(G41:R41=MAX(G41:R41)),{"Tasarımda","Ply Cutter'da","Üretimde","Kalitede (Üretim sonrası)","Talaşlıda","Kalitede (Talaşlı sonrası)","Montajda","Kalitede (Montaj sonrası)","Boyada","Kalitede (Boya sonrası)","Yarı Mamülde","KM'de"})))))) -> Kapandı – Kalite (Talaşlı sonrası) | AA41: =IF(OR(B41="",F41=""),"",IFERROR(IF(S41<>"",S41-F41,IF(T41<>"",T41-F41,TODAY()-F41)),"")) -> 2 | AD41: =IF(OR($B41="",NOT(ISNUMBER(G41))),"",IF(COUNTIF(H41:$T41,G41)>0,0,IF(COUNTIF($G41:$T41,">"&G41)=0,"",SMALL($G41:$T41,COUNTIF($G41:$T41,"<="&G41)+1)-G41))) | AE41: =IF(OR($B41="",NOT(ISNUMBER(H41))),"",IF(COUNTIF(I41:$T41,H41)>0,0,IF(COUNTIF($G41:$T41,">"&H41)=0,"",SMALL($G41:$T41,COUNTIF($G41:$T41,"<="&H41)+1)-H41))) | AF41: =IF(OR($B41="",NOT(ISNUMBER(I41))),"",IF(COUNTIF(J41:$T41,I41)>0,0,IF(COUNTIF($G41:$T41,">"&I41)=0,"",SMALL($G41:$T41,COUNTIF($G41:$T41,"<="&I41)+1)-I41))) | AG41: =IF(OR($B41="",NOT(ISNUMBER(J41))),"",IF(COUNTIF(K41:$T41,J41)>0,0,IF(COUNTIF($G41:$T41,">"&J41)=0,"",SMALL($G41:$T41,COUNTIF($G41:$T41,"<="&J41)+1)-J41))) | AH41: =IF(OR($B41="",NOT(ISNUMBER(K41))),"",IF(COUNTIF(L41:$T41,K41)>0,0,IF(COUNTIF($G41:$T41,">"&K41)=0,"",SMALL($G41:$T41,COUNTIF($G41:$T41,"<="&K41)+1)-K41))) -> 2 | AI41: =IF(OR($B41="",NOT(ISNUMBER(L41))),"",IF(COUNTIF(M41:$T41,L41)>0,0,IF(COUNTIF($G41:$T41,">"&L41)=0,"",SMALL($G41:$T41,COUNTIF($G41:$T41,"<="&L41)+1)-L41))) -> 0 | AJ41: =IF(OR($B41="",NOT(ISNUMBER(M41))),"",IF(COUNTIF(N41:$T41,M41)>0,0,IF(COUNTIF($G41:$T41,">"&M41)=0,"",SMALL($G41:$T41,COUNTIF($G41:$T41,"<="&M41)+1)-M41))) | AK41: =IF(OR($B41="",NOT(ISNUMBER(N41))),"",IF(COUNTIF(O41:$T41,N41)>0,0,IF(COUNTIF($G41:$T41,">"&N41)=0,"",SMALL($G41:$T41,COUNTIF($G41:$T41,"<="&N41)+1)-N41))) | ... AO41: =IF(OR($B41="",NOT(ISNUMBER(R41))),"",IF(COUNTIF(S41:$T41,R41)>0,0,IF(COUNTIF($G41:$T41,">"&R41)=0,"",SMALL($G41:$T41,COUNTIF($G41:$T41,"<="&R41)+1)-R41))) | AP41: =IF(OR($B41="",Z41="",Z41="Başlamadı",Z41="Sevk Edildi",Z41="Reworkte",LEFT(Z41,7)="Kapandı"),0,TODAY()-MAX($G41:$R41)) -> 0 | AQ41: =IF(AND(ISNUMBER(G41),ISNUMBER(AD41)),G41+AD41,"") | AR41: =IF(AND(ISNUMBER(H41),ISNUMBER(AE41)),H41+AE41,"") | AS41: =IF(AND(ISNUMBER(I41),ISNUMBER(AF41)),I41+AF41,"") | AT41: =IF(AND(ISNUMBER(J41),ISNUMBER(AG41)),J41+AG41,"") | AU41: =IF(AND(ISNUMBER(K41),ISNUMBER(AH41)),K41+AH41,"") -> 46291 | AV41: =IF(AND(ISNUMBER(L41),ISNUMBER(AI41)),L41+AI41,"") -> 46291 | AW41: =IF(AND(ISNUMBER(M41),ISNUMBER(AJ41)),M41+AJ41,"") | AX41: =IF(AND(ISNUMBER(N41),ISNUMBER(AK41)),N41+AK41,"") | ... BB41: =IF(AND(ISNUMBER(R41),ISNUMBER(AO41)),R41+AO41,"") | BC41: =IF(AND(S41="",T41=""),"",MIN(S41,T41)) -> 46291
A42: =IF(B42="","",ROW()-2) -> 40 | B42: M43025 | C42: MN-0000-3297-D - 3 - RADOM KOMPOZIT ANT. YASSI ALT | D42: =IFERROR(VALUE(TRIM(MID(C42,FIND(" - ",C42)+3,FIND(" - ",C42,FIND(" - ",C42)+3)-FIND(" - ",C42)-3))),"") -> 3 | E42: AYÇA GÖK | F42: 46289 | M42: 46289 | N42: 46291 | Q42: 46291 | T42: 46291 | Z42: =IF(B42="","",IF(S42<>"","Sevk Edildi",IF(AND(X42<>"",Y42=""),"Reworkte",IF(T42<>"","Kapandı"&IF(COUNT(G42:R42)=0,""," – "&LOOKUP(2,1/(G42:R42=MAX(G42:R42)),{"Tasarım","Ply Cutter","Üretim","Kalite (Üretim sonrası)","Talaşlı","Kalite (Talaşlı sonrası)","Montaj","Kalite (Montaj sonrası)","Boya","Kalite (Boya sonrası)","Yarı Mamül","KM"})),IF(COUNT(G42:R42)=0,"Başlamadı",LOOKUP(2,1/(G42:R42=MAX(G42:R42)),{"Tasarımda","Ply Cutter'da","Üretimde","Kalitede (Üretim sonrası)","Talaşlıda","Kalitede (Talaşlı sonrası)","Montajda","Kalitede (Montaj sonrası)","Boyada","Kalitede (Boya sonrası)","Yarı Mamülde","KM'de"})))))) -> Kapandı – Yarı Mamül | AA42: =IF(OR(B42="",F42=""),"",IFERROR(IF(S42<>"",S42-F42,IF(T42<>"",T42-F42,TODAY()-F42)),"")) -> 2 | AD42: =IF(OR($B42="",NOT(ISNUMBER(G42))),"",IF(COUNTIF(H42:$T42,G42)>0,0,IF(COUNTIF($G42:$T42,">"&G42)=0,"",SMALL($G42:$T42,COUNTIF($G42:$T42,"<="&G42)+1)-G42))) | AE42: =IF(OR($B42="",NOT(ISNUMBER(H42))),"",IF(COUNTIF(I42:$T42,H42)>0,0,IF(COUNTIF($G42:$T42,">"&H42)=0,"",SMALL($G42:$T42,COUNTIF($G42:$T42,"<="&H42)+1)-H42))) | AF42: =IF(OR($B42="",NOT(ISNUMBER(I42))),"",IF(COUNTIF(J42:$T42,I42)>0,0,IF(COUNTIF($G42:$T42,">"&I42)=0,"",SMALL($G42:$T42,COUNTIF($G42:$T42,"<="&I42)+1)-I42))) | AG42: =IF(OR($B42="",NOT(ISNUMBER(J42))),"",IF(COUNTIF(K42:$T42,J42)>0,0,IF(COUNTIF($G42:$T42,">"&J42)=0,"",SMALL($G42:$T42,COUNTIF($G42:$T42,"<="&J42)+1)-J42))) | AH42: =IF(OR($B42="",NOT(ISNUMBER(K42))),"",IF(COUNTIF(L42:$T42,K42)>0,0,IF(COUNTIF($G42:$T42,">"&K42)=0,"",SMALL($G42:$T42,COUNTIF($G42:$T42,"<="&K42)+1)-K42))) | AI42: =IF(OR($B42="",NOT(ISNUMBER(L42))),"",IF(COUNTIF(M42:$T42,L42)>0,0,IF(COUNTIF($G42:$T42,">"&L42)=0,"",SMALL($G42:$T42,COUNTIF($G42:$T42,"<="&L42)+1)-L42))) | AJ42: =IF(OR($B42="",NOT(ISNUMBER(M42))),"",IF(COUNTIF(N42:$T42,M42)>0,0,IF(COUNTIF($G42:$T42,">"&M42)=0,"",SMALL($G42:$T42,COUNTIF($G42:$T42,"<="&M42)+1)-M42))) -> 2 | AK42: =IF(OR($B42="",NOT(ISNUMBER(N42))),"",IF(COUNTIF(O42:$T42,N42)>0,0,IF(COUNTIF($G42:$T42,">"&N42)=0,"",SMALL($G42:$T42,COUNTIF($G42:$T42,"<="&N42)+1)-N42))) -> 0 | ... AO42: =IF(OR($B42="",NOT(ISNUMBER(R42))),"",IF(COUNTIF(S42:$T42,R42)>0,0,IF(COUNTIF($G42:$T42,">"&R42)=0,"",SMALL($G42:$T42,COUNTIF($G42:$T42,"<="&R42)+1)-R42))) | AP42: =IF(OR($B42="",Z42="",Z42="Başlamadı",Z42="Sevk Edildi",Z42="Reworkte",LEFT(Z42,7)="Kapandı"),0,TODAY()-MAX($G42:$R42)) -> 0 | AQ42: =IF(AND(ISNUMBER(G42),ISNUMBER(AD42)),G42+AD42,"") | AR42: =IF(AND(ISNUMBER(H42),ISNUMBER(AE42)),H42+AE42,"") | AS42: =IF(AND(ISNUMBER(I42),ISNUMBER(AF42)),I42+AF42,"") | AT42: =IF(AND(ISNUMBER(J42),ISNUMBER(AG42)),J42+AG42,"") | AU42: =IF(AND(ISNUMBER(K42),ISNUMBER(AH42)),K42+AH42,"") | AV42: =IF(AND(ISNUMBER(L42),ISNUMBER(AI42)),L42+AI42,"") | AW42: =IF(AND(ISNUMBER(M42),ISNUMBER(AJ42)),M42+AJ42,"") -> 46291 | AX42: =IF(AND(ISNUMBER(N42),ISNUMBER(AK42)),N42+AK42,"") -> 46291 | ... BB42: =IF(AND(ISNUMBER(R42),ISNUMBER(AO42)),R42+AO42,"") | BC42: =IF(AND(S42="",T42=""),"",MIN(S42,T42)) -> 46291
A43: =IF(B43="","",ROW()-2) -> 41 | B43: M43026 | C43: 00043946-B - 1 - RAMPA-HA -LAY UP | D43: =IFERROR(VALUE(TRIM(MID(C43,FIND(" - ",C43)+3,FIND(" - ",C43,FIND(" - ",C43)+3)-FIND(" - ",C43)-3))),"") -> 1 | E43: AYÇA GÖK | F43: 46289 | I43: 46289 | J43: 46290 | Q43: 46291 | T43: 46291 | Z43: =IF(B43="","",IF(S43<>"","Sevk Edildi",IF(AND(X43<>"",Y43=""),"Reworkte",IF(T43<>"","Kapandı"&IF(COUNT(G43:R43)=0,""," – "&LOOKUP(2,1/(G43:R43=MAX(G43:R43)),{"Tasarım","Ply Cutter","Üretim","Kalite (Üretim sonrası)","Talaşlı","Kalite (Talaşlı sonrası)","Montaj","Kalite (Montaj sonrası)","Boya","Kalite (Boya sonrası)","Yarı Mamül","KM"})),IF(COUNT(G43:R43)=0,"Başlamadı",LOOKUP(2,1/(G43:R43=MAX(G43:R43)),{"Tasarımda","Ply Cutter'da","Üretimde","Kalitede (Üretim sonrası)","Talaşlıda","Kalitede (Talaşlı sonrası)","Montajda","Kalitede (Montaj sonrası)","Boyada","Kalitede (Boya sonrası)","Yarı Mamülde","KM'de"})))))) -> Kapandı – Yarı Mamül | AA43: =IF(OR(B43="",F43=""),"",IFERROR(IF(S43<>"",S43-F43,IF(T43<>"",T43-F43,TODAY()-F43)),"")) -> 2 | AD43: =IF(OR($B43="",NOT(ISNUMBER(G43))),"",IF(COUNTIF(H43:$T43,G43)>0,0,IF(COUNTIF($G43:$T43,">"&G43)=0,"",SMALL($G43:$T43,COUNTIF($G43:$T43,"<="&G43)+1)-G43))) | AE43: =IF(OR($B43="",NOT(ISNUMBER(H43))),"",IF(COUNTIF(I43:$T43,H43)>0,0,IF(COUNTIF($G43:$T43,">"&H43)=0,"",SMALL($G43:$T43,COUNTIF($G43:$T43,"<="&H43)+1)-H43))) | AF43: =IF(OR($B43="",NOT(ISNUMBER(I43))),"",IF(COUNTIF(J43:$T43,I43)>0,0,IF(COUNTIF($G43:$T43,">"&I43)=0,"",SMALL($G43:$T43,COUNTIF($G43:$T43,"<="&I43)+1)-I43))) -> 1 | AG43: =IF(OR($B43="",NOT(ISNUMBER(J43))),"",IF(COUNTIF(K43:$T43,J43)>0,0,IF(COUNTIF($G43:$T43,">"&J43)=0,"",SMALL($G43:$T43,COUNTIF($G43:$T43,"<="&J43)+1)-J43))) -> 1 | AH43: =IF(OR($B43="",NOT(ISNUMBER(K43))),"",IF(COUNTIF(L43:$T43,K43)>0,0,IF(COUNTIF($G43:$T43,">"&K43)=0,"",SMALL($G43:$T43,COUNTIF($G43:$T43,"<="&K43)+1)-K43))) | AI43: =IF(OR($B43="",NOT(ISNUMBER(L43))),"",IF(COUNTIF(M43:$T43,L43)>0,0,IF(COUNTIF($G43:$T43,">"&L43)=0,"",SMALL($G43:$T43,COUNTIF($G43:$T43,"<="&L43)+1)-L43))) | AJ43: =IF(OR($B43="",NOT(ISNUMBER(M43))),"",IF(COUNTIF(N43:$T43,M43)>0,0,IF(COUNTIF($G43:$T43,">"&M43)=0,"",SMALL($G43:$T43,COUNTIF($G43:$T43,"<="&M43)+1)-M43))) | AK43: =IF(OR($B43="",NOT(ISNUMBER(N43))),"",IF(COUNTIF(O43:$T43,N43)>0,0,IF(COUNTIF($G43:$T43,">"&N43)=0,"",SMALL($G43:$T43,COUNTIF($G43:$T43,"<="&N43)+1)-N43))) | ... AO43: =IF(OR($B43="",NOT(ISNUMBER(R43))),"",IF(COUNTIF(S43:$T43,R43)>0,0,IF(COUNTIF($G43:$T43,">"&R43)=0,"",SMALL($G43:$T43,COUNTIF($G43:$T43,"<="&R43)+1)-R43))) | AP43: =IF(OR($B43="",Z43="",Z43="Başlamadı",Z43="Sevk Edildi",Z43="Reworkte",LEFT(Z43,7)="Kapandı"),0,TODAY()-MAX($G43:$R43)) -> 0 | AQ43: =IF(AND(ISNUMBER(G43),ISNUMBER(AD43)),G43+AD43,"") | AR43: =IF(AND(ISNUMBER(H43),ISNUMBER(AE43)),H43+AE43,"") | AS43: =IF(AND(ISNUMBER(I43),ISNUMBER(AF43)),I43+AF43,"") -> 46290 | AT43: =IF(AND(ISNUMBER(J43),ISNUMBER(AG43)),J43+AG43,"") -> 46291 | AU43: =IF(AND(ISNUMBER(K43),ISNUMBER(AH43)),K43+AH43,"") | AV43: =IF(AND(ISNUMBER(L43),ISNUMBER(AI43)),L43+AI43,"") | AW43: =IF(AND(ISNUMBER(M43),ISNUMBER(AJ43)),M43+AJ43,"") | AX43: =IF(AND(ISNUMBER(N43),ISNUMBER(AK43)),N43+AK43,"") | ... BB43: =IF(AND(ISNUMBER(R43),ISNUMBER(AO43)),R43+AO43,"") | BC43: =IF(AND(S43="",T43=""),"",MIN(S43,T43)) -> 46291
A44: =IF(B44="","",ROW()-2) -> 42 | B44: M43027 | C44: 00043948-B - 1 - KAPORTA-HA LAY UP | D44: =IFERROR(VALUE(TRIM(MID(C44,FIND(" - ",C44)+3,FIND(" - ",C44,FIND(" - ",C44)+3)-FIND(" - ",C44)-3))),"") -> 1 | E44: AYÇA GÖK | F44: 46289 | I44: 46289 | J44: 46290 | Q44: 46291 | T44: 46291 | Z44: =IF(B44="","",IF(S44<>"","Sevk Edildi",IF(AND(X44<>"",Y44=""),"Reworkte",IF(T44<>"","Kapandı"&IF(COUNT(G44:R44)=0,""," – "&LOOKUP(2,1/(G44:R44=MAX(G44:R44)),{"Tasarım","Ply Cutter","Üretim","Kalite (Üretim sonrası)","Talaşlı","Kalite (Talaşlı sonrası)","Montaj","Kalite (Montaj sonrası)","Boya","Kalite (Boya sonrası)","Yarı Mamül","KM"})),IF(COUNT(G44:R44)=0,"Başlamadı",LOOKUP(2,1/(G44:R44=MAX(G44:R44)),{"Tasarımda","Ply Cutter'da","Üretimde","Kalitede (Üretim sonrası)","Talaşlıda","Kalitede (Talaşlı sonrası)","Montajda","Kalitede (Montaj sonrası)","Boyada","Kalitede (Boya sonrası)","Yarı Mamülde","KM'de"})))))) -> Kapandı – Yarı Mamül | AA44: =IF(OR(B44="",F44=""),"",IFERROR(IF(S44<>"",S44-F44,IF(T44<>"",T44-F44,TODAY()-F44)),"")) -> 2 | AD44: =IF(OR($B44="",NOT(ISNUMBER(G44))),"",IF(COUNTIF(H44:$T44,G44)>0,0,IF(COUNTIF($G44:$T44,">"&G44)=0,"",SMALL($G44:$T44,COUNTIF($G44:$T44,"<="&G44)+1)-G44))) | AE44: =IF(OR($B44="",NOT(ISNUMBER(H44))),"",IF(COUNTIF(I44:$T44,H44)>0,0,IF(COUNTIF($G44:$T44,">"&H44)=0,"",SMALL($G44:$T44,COUNTIF($G44:$T44,"<="&H44)+1)-H44))) | AF44: =IF(OR($B44="",NOT(ISNUMBER(I44))),"",IF(COUNTIF(J44:$T44,I44)>0,0,IF(COUNTIF($G44:$T44,">"&I44)=0,"",SMALL($G44:$T44,COUNTIF($G44:$T44,"<="&I44)+1)-I44))) -> 1 | AG44: =IF(OR($B44="",NOT(ISNUMBER(J44))),"",IF(COUNTIF(K44:$T44,J44)>0,0,IF(COUNTIF($G44:$T44,">"&J44)=0,"",SMALL($G44:$T44,COUNTIF($G44:$T44,"<="&J44)+1)-J44))) -> 1 | AH44: =IF(OR($B44="",NOT(ISNUMBER(K44))),"",IF(COUNTIF(L44:$T44,K44)>0,0,IF(COUNTIF($G44:$T44,">"&K44)=0,"",SMALL($G44:$T44,COUNTIF($G44:$T44,"<="&K44)+1)-K44))) | AI44: =IF(OR($B44="",NOT(ISNUMBER(L44))),"",IF(COUNTIF(M44:$T44,L44)>0,0,IF(COUNTIF($G44:$T44,">"&L44)=0,"",SMALL($G44:$T44,COUNTIF($G44:$T44,"<="&L44)+1)-L44))) | AJ44: =IF(OR($B44="",NOT(ISNUMBER(M44))),"",IF(COUNTIF(N44:$T44,M44)>0,0,IF(COUNTIF($G44:$T44,">"&M44)=0,"",SMALL($G44:$T44,COUNTIF($G44:$T44,"<="&M44)+1)-M44))) | AK44: =IF(OR($B44="",NOT(ISNUMBER(N44))),"",IF(COUNTIF(O44:$T44,N44)>0,0,IF(COUNTIF($G44:$T44,">"&N44)=0,"",SMALL($G44:$T44,COUNTIF($G44:$T44,"<="&N44)+1)-N44))) | ... AO44: =IF(OR($B44="",NOT(ISNUMBER(R44))),"",IF(COUNTIF(S44:$T44,R44)>0,0,IF(COUNTIF($G44:$T44,">"&R44)=0,"",SMALL($G44:$T44,COUNTIF($G44:$T44,"<="&R44)+1)-R44))) | AP44: =IF(OR($B44="",Z44="",Z44="Başlamadı",Z44="Sevk Edildi",Z44="Reworkte",LEFT(Z44,7)="Kapandı"),0,TODAY()-MAX($G44:$R44)) -> 0 | AQ44: =IF(AND(ISNUMBER(G44),ISNUMBER(AD44)),G44+AD44,"") | AR44: =IF(AND(ISNUMBER(H44),ISNUMBER(AE44)),H44+AE44,"") | AS44: =IF(AND(ISNUMBER(I44),ISNUMBER(AF44)),I44+AF44,"") -> 46290 | AT44: =IF(AND(ISNUMBER(J44),ISNUMBER(AG44)),J44+AG44,"") -> 46291 | AU44: =IF(AND(ISNUMBER(K44),ISNUMBER(AH44)),K44+AH44,"") | AV44: =IF(AND(ISNUMBER(L44),ISNUMBER(AI44)),L44+AI44,"") | AW44: =IF(AND(ISNUMBER(M44),ISNUMBER(AJ44)),M44+AJ44,"") | AX44: =IF(AND(ISNUMBER(N44),ISNUMBER(AK44)),N44+AK44,"") | ... BB44: =IF(AND(ISNUMBER(R44),ISNUMBER(AO44)),R44+AO44,"") | BC44: =IF(AND(S44="",T44=""),"",MIN(S44,T44)) -> 46291
A45: =IF(B45="","",ROW()-2) -> 43 | B45: M43028 | C45: SOM0001-B - 1 - SOM-KANATCIK ARTI EKSI LAY-UP | D45: =IFERROR(VALUE(TRIM(MID(C45,FIND(" - ",C45)+3,FIND(" - ",C45,FIND(" - ",C45)+3)-FIND(" - ",C45)-3))),"") -> 1 | E45: AYÇA GÖK | F45: 46289 | I45: 46289 | J45: 46293 | T45: 46293 | Z45: =IF(B45="","",IF(S45<>"","Sevk Edildi",IF(AND(X45<>"",Y45=""),"Reworkte",IF(T45<>"","Kapandı"&IF(COUNT(G45:R45)=0,""," – "&LOOKUP(2,1/(G45:R45=MAX(G45:R45)),{"Tasarım","Ply Cutter","Üretim","Kalite (Üretim sonrası)","Talaşlı","Kalite (Talaşlı sonrası)","Montaj","Kalite (Montaj sonrası)","Boya","Kalite (Boya sonrası)","Yarı Mamül","KM"})),IF(COUNT(G45:R45)=0,"Başlamadı",LOOKUP(2,1/(G45:R45=MAX(G45:R45)),{"Tasarımda","Ply Cutter'da","Üretimde","Kalitede (Üretim sonrası)","Talaşlıda","Kalitede (Talaşlı sonrası)","Montajda","Kalitede (Montaj sonrası)","Boyada","Kalitede (Boya sonrası)","Yarı Mamülde","KM'de"})))))) -> Kapandı – Kalite (Üretim sonrası) | AA45: =IF(OR(B45="",F45=""),"",IFERROR(IF(S45<>"",S45-F45,IF(T45<>"",T45-F45,TODAY()-F45)),"")) -> 4 | AD45: =IF(OR($B45="",NOT(ISNUMBER(G45))),"",IF(COUNTIF(H45:$T45,G45)>0,0,IF(COUNTIF($G45:$T45,">"&G45)=0,"",SMALL($G45:$T45,COUNTIF($G45:$T45,"<="&G45)+1)-G45))) | AE45: =IF(OR($B45="",NOT(ISNUMBER(H45))),"",IF(COUNTIF(I45:$T45,H45)>0,0,IF(COUNTIF($G45:$T45,">"&H45)=0,"",SMALL($G45:$T45,COUNTIF($G45:$T45,"<="&H45)+1)-H45))) | AF45: =IF(OR($B45="",NOT(ISNUMBER(I45))),"",IF(COUNTIF(J45:$T45,I45)>0,0,IF(COUNTIF($G45:$T45,">"&I45)=0,"",SMALL($G45:$T45,COUNTIF($G45:$T45,"<="&I45)+1)-I45))) -> 4 | AG45: =IF(OR($B45="",NOT(ISNUMBER(J45))),"",IF(COUNTIF(K45:$T45,J45)>0,0,IF(COUNTIF($G45:$T45,">"&J45)=0,"",SMALL($G45:$T45,COUNTIF($G45:$T45,"<="&J45)+1)-J45))) -> 0 | AH45: =IF(OR($B45="",NOT(ISNUMBER(K45))),"",IF(COUNTIF(L45:$T45,K45)>0,0,IF(COUNTIF($G45:$T45,">"&K45)=0,"",SMALL($G45:$T45,COUNTIF($G45:$T45,"<="&K45)+1)-K45))) | AI45: =IF(OR($B45="",NOT(ISNUMBER(L45))),"",IF(COUNTIF(M45:$T45,L45)>0,0,IF(COUNTIF($G45:$T45,">"&L45)=0,"",SMALL($G45:$T45,COUNTIF($G45:$T45,"<="&L45)+1)-L45))) | AJ45: =IF(OR($B45="",NOT(ISNUMBER(M45))),"",IF(COUNTIF(N45:$T45,M45)>0,0,IF(COUNTIF($G45:$T45,">"&M45)=0,"",SMALL($G45:$T45,COUNTIF($G45:$T45,"<="&M45)+1)-M45))) | AK45: =IF(OR($B45="",NOT(ISNUMBER(N45))),"",IF(COUNTIF(O45:$T45,N45)>0,0,IF(COUNTIF($G45:$T45,">"&N45)=0,"",SMALL($G45:$T45,COUNTIF($G45:$T45,"<="&N45)+1)-N45))) | ... AO45: =IF(OR($B45="",NOT(ISNUMBER(R45))),"",IF(COUNTIF(S45:$T45,R45)>0,0,IF(COUNTIF($G45:$T45,">"&R45)=0,"",SMALL($G45:$T45,COUNTIF($G45:$T45,"<="&R45)+1)-R45))) | AP45: =IF(OR($B45="",Z45="",Z45="Başlamadı",Z45="Sevk Edildi",Z45="Reworkte",LEFT(Z45,7)="Kapandı"),0,TODAY()-MAX($G45:$R45)) -> 0 | AQ45: =IF(AND(ISNUMBER(G45),ISNUMBER(AD45)),G45+AD45,"") | AR45: =IF(AND(ISNUMBER(H45),ISNUMBER(AE45)),H45+AE45,"") | AS45: =IF(AND(ISNUMBER(I45),ISNUMBER(AF45)),I45+AF45,"") -> 46293 | AT45: =IF(AND(ISNUMBER(J45),ISNUMBER(AG45)),J45+AG45,"") -> 46293 | AU45: =IF(AND(ISNUMBER(K45),ISNUMBER(AH45)),K45+AH45,"") | AV45: =IF(AND(ISNUMBER(L45),ISNUMBER(AI45)),L45+AI45,"") | AW45: =IF(AND(ISNUMBER(M45),ISNUMBER(AJ45)),M45+AJ45,"") | AX45: =IF(AND(ISNUMBER(N45),ISNUMBER(AK45)),N45+AK45,"") | ... BB45: =IF(AND(ISNUMBER(R45),ISNUMBER(AO45)),R45+AO45,"") | BC45: =IF(AND(S45="",T45=""),"",MIN(S45,T45)) -> 46293
A46: =IF(B46="","",ROW()-2) -> 44 | B46: M43029 | C46: MN-7914-0023-B - 1 - ACAR RADOM SERIM | D46: =IFERROR(VALUE(TRIM(MID(C46,FIND(" - ",C46)+3,FIND(" - ",C46,FIND(" - ",C46)+3)-FIND(" - ",C46)-3))),"") -> 1 | E46: AYÇA GÖK | F46: 46289 | I46: 46289 | J46: 46291 | Q46: 46293 | T46: 46293 | Z46: =IF(B46="","",IF(S46<>"","Sevk Edildi",IF(AND(X46<>"",Y46=""),"Reworkte",IF(T46<>"","Kapandı"&IF(COUNT(G46:R46)=0,""," – "&LOOKUP(2,1/(G46:R46=MAX(G46:R46)),{"Tasarım","Ply Cutter","Üretim","Kalite (Üretim sonrası)","Talaşlı","Kalite (Talaşlı sonrası)","Montaj","Kalite (Montaj sonrası)","Boya","Kalite (Boya sonrası)","Yarı Mamül","KM"})),IF(COUNT(G46:R46)=0,"Başlamadı",LOOKUP(2,1/(G46:R46=MAX(G46:R46)),{"Tasarımda","Ply Cutter'da","Üretimde","Kalitede (Üretim sonrası)","Talaşlıda","Kalitede (Talaşlı sonrası)","Montajda","Kalitede (Montaj sonrası)","Boyada","Kalitede (Boya sonrası)","Yarı Mamülde","KM'de"})))))) -> Kapandı – Yarı Mamül | AA46: =IF(OR(B46="",F46=""),"",IFERROR(IF(S46<>"",S46-F46,IF(T46<>"",T46-F46,TODAY()-F46)),"")) -> 4 | AD46: =IF(OR($B46="",NOT(ISNUMBER(G46))),"",IF(COUNTIF(H46:$T46,G46)>0,0,IF(COUNTIF($G46:$T46,">"&G46)=0,"",SMALL($G46:$T46,COUNTIF($G46:$T46,"<="&G46)+1)-G46))) | AE46: =IF(OR($B46="",NOT(ISNUMBER(H46))),"",IF(COUNTIF(I46:$T46,H46)>0,0,IF(COUNTIF($G46:$T46,">"&H46)=0,"",SMALL($G46:$T46,COUNTIF($G46:$T46,"<="&H46)+1)-H46))) | AF46: =IF(OR($B46="",NOT(ISNUMBER(I46))),"",IF(COUNTIF(J46:$T46,I46)>0,0,IF(COUNTIF($G46:$T46,">"&I46)=0,"",SMALL($G46:$T46,COUNTIF($G46:$T46,"<="&I46)+1)-I46))) -> 2 | AG46: =IF(OR($B46="",NOT(ISNUMBER(J46))),"",IF(COUNTIF(K46:$T46,J46)>0,0,IF(COUNTIF($G46:$T46,">"&J46)=0,"",SMALL($G46:$T46,COUNTIF($G46:$T46,"<="&J46)+1)-J46))) -> 2 | AH46: =IF(OR($B46="",NOT(ISNUMBER(K46))),"",IF(COUNTIF(L46:$T46,K46)>0,0,IF(COUNTIF($G46:$T46,">"&K46)=0,"",SMALL($G46:$T46,COUNTIF($G46:$T46,"<="&K46)+1)-K46))) | AI46: =IF(OR($B46="",NOT(ISNUMBER(L46))),"",IF(COUNTIF(M46:$T46,L46)>0,0,IF(COUNTIF($G46:$T46,">"&L46)=0,"",SMALL($G46:$T46,COUNTIF($G46:$T46,"<="&L46)+1)-L46))) | AJ46: =IF(OR($B46="",NOT(ISNUMBER(M46))),"",IF(COUNTIF(N46:$T46,M46)>0,0,IF(COUNTIF($G46:$T46,">"&M46)=0,"",SMALL($G46:$T46,COUNTIF($G46:$T46,"<="&M46)+1)-M46))) | AK46: =IF(OR($B46="",NOT(ISNUMBER(N46))),"",IF(COUNTIF(O46:$T46,N46)>0,0,IF(COUNTIF($G46:$T46,">"&N46)=0,"",SMALL($G46:$T46,COUNTIF($G46:$T46,"<="&N46)+1)-N46))) | ... AO46: =IF(OR($B46="",NOT(ISNUMBER(R46))),"",IF(COUNTIF(S46:$T46,R46)>0,0,IF(COUNTIF($G46:$T46,">"&R46)=0,"",SMALL($G46:$T46,COUNTIF($G46:$T46,"<="&R46)+1)-R46))) | AP46: =IF(OR($B46="",Z46="",Z46="Başlamadı",Z46="Sevk Edildi",Z46="Reworkte",LEFT(Z46,7)="Kapandı"),0,TODAY()-MAX($G46:$R46)) -> 0 | AQ46: =IF(AND(ISNUMBER(G46),ISNUMBER(AD46)),G46+AD46,"") | AR46: =IF(AND(ISNUMBER(H46),ISNUMBER(AE46)),H46+AE46,"") | AS46: =IF(AND(ISNUMBER(I46),ISNUMBER(AF46)),I46+AF46,"") -> 46291 | AT46: =IF(AND(ISNUMBER(J46),ISNUMBER(AG46)),J46+AG46,"") -> 46293 | AU46: =IF(AND(ISNUMBER(K46),ISNUMBER(AH46)),K46+AH46,"") | AV46: =IF(AND(ISNUMBER(L46),ISNUMBER(AI46)),L46+AI46,"") | AW46: =IF(AND(ISNUMBER(M46),ISNUMBER(AJ46)),M46+AJ46,"") | AX46: =IF(AND(ISNUMBER(N46),ISNUMBER(AK46)),N46+AK46,"") | ... BB46: =IF(AND(ISNUMBER(R46),ISNUMBER(AO46)),R46+AO46,"") | BC46: =IF(AND(S46="",T46=""),"",MIN(S46,T46)) -> 46293
A47: =IF(B47="","",ROW()-2) -> 45 | B47: M43030 | C47: MN-7914-0023-B - 1 - ACAR RADOM SERIM | D47: =IFERROR(VALUE(TRIM(MID(C47,FIND(" - ",C47)+3,FIND(" - ",C47,FIND(" - ",C47)+3)-FIND(" - ",C47)-3))),"") -> 1 | E47: AYÇA GÖK | F47: 46289 | I47: 46289 | J47: 46291 | Q47: 46293 | T47: 46293 | Z47: =IF(B47="","",IF(S47<>"","Sevk Edildi",IF(AND(X47<>"",Y47=""),"Reworkte",IF(T47<>"","Kapandı"&IF(COUNT(G47:R47)=0,""," – "&LOOKUP(2,1/(G47:R47=MAX(G47:R47)),{"Tasarım","Ply Cutter","Üretim","Kalite (Üretim sonrası)","Talaşlı","Kalite (Talaşlı sonrası)","Montaj","Kalite (Montaj sonrası)","Boya","Kalite (Boya sonrası)","Yarı Mamül","KM"})),IF(COUNT(G47:R47)=0,"Başlamadı",LOOKUP(2,1/(G47:R47=MAX(G47:R47)),{"Tasarımda","Ply Cutter'da","Üretimde","Kalitede (Üretim sonrası)","Talaşlıda","Kalitede (Talaşlı sonrası)","Montajda","Kalitede (Montaj sonrası)","Boyada","Kalitede (Boya sonrası)","Yarı Mamülde","KM'de"})))))) -> Kapandı – Yarı Mamül | AA47: =IF(OR(B47="",F47=""),"",IFERROR(IF(S47<>"",S47-F47,IF(T47<>"",T47-F47,TODAY()-F47)),"")) -> 4 | AD47: =IF(OR($B47="",NOT(ISNUMBER(G47))),"",IF(COUNTIF(H47:$T47,G47)>0,0,IF(COUNTIF($G47:$T47,">"&G47)=0,"",SMALL($G47:$T47,COUNTIF($G47:$T47,"<="&G47)+1)-G47))) | AE47: =IF(OR($B47="",NOT(ISNUMBER(H47))),"",IF(COUNTIF(I47:$T47,H47)>0,0,IF(COUNTIF($G47:$T47,">"&H47)=0,"",SMALL($G47:$T47,COUNTIF($G47:$T47,"<="&H47)+1)-H47))) | AF47: =IF(OR($B47="",NOT(ISNUMBER(I47))),"",IF(COUNTIF(J47:$T47,I47)>0,0,IF(COUNTIF($G47:$T47,">"&I47)=0,"",SMALL($G47:$T47,COUNTIF($G47:$T47,"<="&I47)+1)-I47))) -> 2 | AG47: =IF(OR($B47="",NOT(ISNUMBER(J47))),"",IF(COUNTIF(K47:$T47,J47)>0,0,IF(COUNTIF($G47:$T47,">"&J47)=0,"",SMALL($G47:$T47,COUNTIF($G47:$T47,"<="&J47)+1)-J47))) -> 2 | AH47: =IF(OR($B47="",NOT(ISNUMBER(K47))),"",IF(COUNTIF(L47:$T47,K47)>0,0,IF(COUNTIF($G47:$T47,">"&K47)=0,"",SMALL($G47:$T47,COUNTIF($G47:$T47,"<="&K47)+1)-K47))) | AI47: =IF(OR($B47="",NOT(ISNUMBER(L47))),"",IF(COUNTIF(M47:$T47,L47)>0,0,IF(COUNTIF($G47:$T47,">"&L47)=0,"",SMALL($G47:$T47,COUNTIF($G47:$T47,"<="&L47)+1)-L47))) | AJ47: =IF(OR($B47="",NOT(ISNUMBER(M47))),"",IF(COUNTIF(N47:$T47,M47)>0,0,IF(COUNTIF($G47:$T47,">"&M47)=0,"",SMALL($G47:$T47,COUNTIF($G47:$T47,"<="&M47)+1)-M47))) | AK47: =IF(OR($B47="",NOT(ISNUMBER(N47))),"",IF(COUNTIF(O47:$T47,N47)>0,0,IF(COUNTIF($G47:$T47,">"&N47)=0,"",SMALL($G47:$T47,COUNTIF($G47:$T47,"<="&N47)+1)-N47))) | ... AO47: =IF(OR($B47="",NOT(ISNUMBER(R47))),"",IF(COUNTIF(S47:$T47,R47)>0,0,IF(COUNTIF($G47:$T47,">"&R47)=0,"",SMALL($G47:$T47,COUNTIF($G47:$T47,"<="&R47)+1)-R47))) | AP47: =IF(OR($B47="",Z47="",Z47="Başlamadı",Z47="Sevk Edildi",Z47="Reworkte",LEFT(Z47,7)="Kapandı"),0,TODAY()-MAX($G47:$R47)) -> 0 | AQ47: =IF(AND(ISNUMBER(G47),ISNUMBER(AD47)),G47+AD47,"") | AR47: =IF(AND(ISNUMBER(H47),ISNUMBER(AE47)),H47+AE47,"") | AS47: =IF(AND(ISNUMBER(I47),ISNUMBER(AF47)),I47+AF47,"") -> 46291 | AT47: =IF(AND(ISNUMBER(J47),ISNUMBER(AG47)),J47+AG47,"") -> 46293 | AU47: =IF(AND(ISNUMBER(K47),ISNUMBER(AH47)),K47+AH47,"") | AV47: =IF(AND(ISNUMBER(L47),ISNUMBER(AI47)),L47+AI47,"") | AW47: =IF(AND(ISNUMBER(M47),ISNUMBER(AJ47)),M47+AJ47,"") | AX47: =IF(AND(ISNUMBER(N47),ISNUMBER(AK47)),N47+AK47,"") | ... BB47: =IF(AND(ISNUMBER(R47),ISNUMBER(AO47)),R47+AO47,"") | BC47: =IF(AND(S47="",T47=""),"",MIN(S47,T47)) -> 46293
A48: =IF(B48="","",ROW()-2) -> 46 | B48: M43031 | C48: MN-0000-3297-B - 1 - RADOM KOMPOZIT ANT. YASSI ALT | D48: =IFERROR(VALUE(TRIM(MID(C48,FIND(" - ",C48)+3,FIND(" - ",C48,FIND(" - ",C48)+3)-FIND(" - ",C48)-3))),"") -> 1 | E48: AYÇA GÖK | F48: 46289 | I48: 46289 | J48: 46290 | Q48: 46291 | T48: 46291 | Z48: =IF(B48="","",IF(S48<>"","Sevk Edildi",IF(AND(X48<>"",Y48=""),"Reworkte",IF(T48<>"","Kapandı"&IF(COUNT(G48:R48)=0,""," – "&LOOKUP(2,1/(G48:R48=MAX(G48:R48)),{"Tasarım","Ply Cutter","Üretim","Kalite (Üretim sonrası)","Talaşlı","Kalite (Talaşlı sonrası)","Montaj","Kalite (Montaj sonrası)","Boya","Kalite (Boya sonrası)","Yarı Mamül","KM"})),IF(COUNT(G48:R48)=0,"Başlamadı",LOOKUP(2,1/(G48:R48=MAX(G48:R48)),{"Tasarımda","Ply Cutter'da","Üretimde","Kalitede (Üretim sonrası)","Talaşlıda","Kalitede (Talaşlı sonrası)","Montajda","Kalitede (Montaj sonrası)","Boyada","Kalitede (Boya sonrası)","Yarı Mamülde","KM'de"})))))) -> Kapandı – Yarı Mamül | AA48: =IF(OR(B48="",F48=""),"",IFERROR(IF(S48<>"",S48-F48,IF(T48<>"",T48-F48,TODAY()-F48)),"")) -> 2 | AD48: =IF(OR($B48="",NOT(ISNUMBER(G48))),"",IF(COUNTIF(H48:$T48,G48)>0,0,IF(COUNTIF($G48:$T48,">"&G48)=0,"",SMALL($G48:$T48,COUNTIF($G48:$T48,"<="&G48)+1)-G48))) | AE48: =IF(OR($B48="",NOT(ISNUMBER(H48))),"",IF(COUNTIF(I48:$T48,H48)>0,0,IF(COUNTIF($G48:$T48,">"&H48)=0,"",SMALL($G48:$T48,COUNTIF($G48:$T48,"<="&H48)+1)-H48))) | AF48: =IF(OR($B48="",NOT(ISNUMBER(I48))),"",IF(COUNTIF(J48:$T48,I48)>0,0,IF(COUNTIF($G48:$T48,">"&I48)=0,"",SMALL($G48:$T48,COUNTIF($G48:$T48,"<="&I48)+1)-I48))) -> 1 | AG48: =IF(OR($B48="",NOT(ISNUMBER(J48))),"",IF(COUNTIF(K48:$T48,J48)>0,0,IF(COUNTIF($G48:$T48,">"&J48)=0,"",SMALL($G48:$T48,COUNTIF($G48:$T48,"<="&J48)+1)-J48))) -> 1 | AH48: =IF(OR($B48="",NOT(ISNUMBER(K48))),"",IF(COUNTIF(L48:$T48,K48)>0,0,IF(COUNTIF($G48:$T48,">"&K48)=0,"",SMALL($G48:$T48,COUNTIF($G48:$T48,"<="&K48)+1)-K48))) | AI48: =IF(OR($B48="",NOT(ISNUMBER(L48))),"",IF(COUNTIF(M48:$T48,L48)>0,0,IF(COUNTIF($G48:$T48,">"&L48)=0,"",SMALL($G48:$T48,COUNTIF($G48:$T48,"<="&L48)+1)-L48))) | AJ48: =IF(OR($B48="",NOT(ISNUMBER(M48))),"",IF(COUNTIF(N48:$T48,M48)>0,0,IF(COUNTIF($G48:$T48,">"&M48)=0,"",SMALL($G48:$T48,COUNTIF($G48:$T48,"<="&M48)+1)-M48))) | AK48: =IF(OR($B48="",NOT(ISNUMBER(N48))),"",IF(COUNTIF(O48:$T48,N48)>0,0,IF(COUNTIF($G48:$T48,">"&N48)=0,"",SMALL($G48:$T48,COUNTIF($G48:$T48,"<="&N48)+1)-N48))) | ... AO48: =IF(OR($B48="",NOT(ISNUMBER(R48))),"",IF(COUNTIF(S48:$T48,R48)>0,0,IF(COUNTIF($G48:$T48,">"&R48)=0,"",SMALL($G48:$T48,COUNTIF($G48:$T48,"<="&R48)+1)-R48))) | AP48: =IF(OR($B48="",Z48="",Z48="Başlamadı",Z48="Sevk Edildi",Z48="Reworkte",LEFT(Z48,7)="Kapandı"),0,TODAY()-MAX($G48:$R48)) -> 0 | AQ48: =IF(AND(ISNUMBER(G48),ISNUMBER(AD48)),G48+AD48,"") | AR48: =IF(AND(ISNUMBER(H48),ISNUMBER(AE48)),H48+AE48,"") | AS48: =IF(AND(ISNUMBER(I48),ISNUMBER(AF48)),I48+AF48,"") -> 46290 | AT48: =IF(AND(ISNUMBER(J48),ISNUMBER(AG48)),J48+AG48,"") -> 46291 | AU48: =IF(AND(ISNUMBER(K48),ISNUMBER(AH48)),K48+AH48,"") | AV48: =IF(AND(ISNUMBER(L48),ISNUMBER(AI48)),L48+AI48,"") | AW48: =IF(AND(ISNUMBER(M48),ISNUMBER(AJ48)),M48+AJ48,"") | AX48: =IF(AND(ISNUMBER(N48),ISNUMBER(AK48)),N48+AK48,"") | ... BB48: =IF(AND(ISNUMBER(R48),ISNUMBER(AO48)),R48+AO48,"") | BC48: =IF(AND(S48="",T48=""),"",MIN(S48,T48)) -> 46291
A49: =IF(B49="","",ROW()-2) -> 47 | B49: M43032 | C49: MN-7914-0023-B - 1 - ACAR RADOM SERIM | D49: =IFERROR(VALUE(TRIM(MID(C49,FIND(" - ",C49)+3,FIND(" - ",C49,FIND(" - ",C49)+3)-FIND(" - ",C49)-3))),"") -> 1 | E49: AYÇA GÖK | F49: 46289 | I49: 46289 | J49: 46290 | Q49: 46291 | T49: 46291 | Z49: =IF(B49="","",IF(S49<>"","Sevk Edildi",IF(AND(X49<>"",Y49=""),"Reworkte",IF(T49<>"","Kapandı"&IF(COUNT(G49:R49)=0,""," – "&LOOKUP(2,1/(G49:R49=MAX(G49:R49)),{"Tasarım","Ply Cutter","Üretim","Kalite (Üretim sonrası)","Talaşlı","Kalite (Talaşlı sonrası)","Montaj","Kalite (Montaj sonrası)","Boya","Kalite (Boya sonrası)","Yarı Mamül","KM"})),IF(COUNT(G49:R49)=0,"Başlamadı",LOOKUP(2,1/(G49:R49=MAX(G49:R49)),{"Tasarımda","Ply Cutter'da","Üretimde","Kalitede (Üretim sonrası)","Talaşlıda","Kalitede (Talaşlı sonrası)","Montajda","Kalitede (Montaj sonrası)","Boyada","Kalitede (Boya sonrası)","Yarı Mamülde","KM'de"})))))) -> Kapandı – Yarı Mamül | AA49: =IF(OR(B49="",F49=""),"",IFERROR(IF(S49<>"",S49-F49,IF(T49<>"",T49-F49,TODAY()-F49)),"")) -> 2 | AD49: =IF(OR($B49="",NOT(ISNUMBER(G49))),"",IF(COUNTIF(H49:$T49,G49)>0,0,IF(COUNTIF($G49:$T49,">"&G49)=0,"",SMALL($G49:$T49,COUNTIF($G49:$T49,"<="&G49)+1)-G49))) | AE49: =IF(OR($B49="",NOT(ISNUMBER(H49))),"",IF(COUNTIF(I49:$T49,H49)>0,0,IF(COUNTIF($G49:$T49,">"&H49)=0,"",SMALL($G49:$T49,COUNTIF($G49:$T49,"<="&H49)+1)-H49))) | AF49: =IF(OR($B49="",NOT(ISNUMBER(I49))),"",IF(COUNTIF(J49:$T49,I49)>0,0,IF(COUNTIF($G49:$T49,">"&I49)=0,"",SMALL($G49:$T49,COUNTIF($G49:$T49,"<="&I49)+1)-I49))) -> 1 | AG49: =IF(OR($B49="",NOT(ISNUMBER(J49))),"",IF(COUNTIF(K49:$T49,J49)>0,0,IF(COUNTIF($G49:$T49,">"&J49)=0,"",SMALL($G49:$T49,COUNTIF($G49:$T49,"<="&J49)+1)-J49))) -> 1 | AH49: =IF(OR($B49="",NOT(ISNUMBER(K49))),"",IF(COUNTIF(L49:$T49,K49)>0,0,IF(COUNTIF($G49:$T49,">"&K49)=0,"",SMALL($G49:$T49,COUNTIF($G49:$T49,"<="&K49)+1)-K49))) | AI49: =IF(OR($B49="",NOT(ISNUMBER(L49))),"",IF(COUNTIF(M49:$T49,L49)>0,0,IF(COUNTIF($G49:$T49,">"&L49)=0,"",SMALL($G49:$T49,COUNTIF($G49:$T49,"<="&L49)+1)-L49))) | AJ49: =IF(OR($B49="",NOT(ISNUMBER(M49))),"",IF(COUNTIF(N49:$T49,M49)>0,0,IF(COUNTIF($G49:$T49,">"&M49)=0,"",SMALL($G49:$T49,COUNTIF($G49:$T49,"<="&M49)+1)-M49))) | AK49: =IF(OR($B49="",NOT(ISNUMBER(N49))),"",IF(COUNTIF(O49:$T49,N49)>0,0,IF(COUNTIF($G49:$T49,">"&N49)=0,"",SMALL($G49:$T49,COUNTIF($G49:$T49,"<="&N49)+1)-N49))) | ... AO49: =IF(OR($B49="",NOT(ISNUMBER(R49))),"",IF(COUNTIF(S49:$T49,R49)>0,0,IF(COUNTIF($G49:$T49,">"&R49)=0,"",SMALL($G49:$T49,COUNTIF($G49:$T49,"<="&R49)+1)-R49))) | AP49: =IF(OR($B49="",Z49="",Z49="Başlamadı",Z49="Sevk Edildi",Z49="Reworkte",LEFT(Z49,7)="Kapandı"),0,TODAY()-MAX($G49:$R49)) -> 0 | AQ49: =IF(AND(ISNUMBER(G49),ISNUMBER(AD49)),G49+AD49,"") | AR49: =IF(AND(ISNUMBER(H49),ISNUMBER(AE49)),H49+AE49,"") | AS49: =IF(AND(ISNUMBER(I49),ISNUMBER(AF49)),I49+AF49,"") -> 46290 | AT49: =IF(AND(ISNUMBER(J49),ISNUMBER(AG49)),J49+AG49,"") -> 46291 | AU49: =IF(AND(ISNUMBER(K49),ISNUMBER(AH49)),K49+AH49,"") | AV49: =IF(AND(ISNUMBER(L49),ISNUMBER(AI49)),L49+AI49,"") | AW49: =IF(AND(ISNUMBER(M49),ISNUMBER(AJ49)),M49+AJ49,"") | AX49: =IF(AND(ISNUMBER(N49),ISNUMBER(AK49)),N49+AK49,"") | ... BB49: =IF(AND(ISNUMBER(R49),ISNUMBER(AO49)),R49+AO49,"") | BC49: =IF(AND(S49="",T49=""),"",MIN(S49,T49)) -> 46291
A50: =IF(B50="","",ROW()-2) -> 48 | B50: M43033 | C50: MN-0000-3297-B - 1 - RADOM KOMPOZIT ANT. YASSI ALT | D50: =IFERROR(VALUE(TRIM(MID(C50,FIND(" - ",C50)+3,FIND(" - ",C50,FIND(" - ",C50)+3)-FIND(" - ",C50)-3))),"") -> 1 | E50: AYÇA GÖK | F50: 46290 | I50: 46290 | J50: 46293 | T50: 46293 | Z50: =IF(B50="","",IF(S50<>"","Sevk Edildi",IF(AND(X50<>"",Y50=""),"Reworkte",IF(T50<>"","Kapandı"&IF(COUNT(G50:R50)=0,""," – "&LOOKUP(2,1/(G50:R50=MAX(G50:R50)),{"Tasarım","Ply Cutter","Üretim","Kalite (Üretim sonrası)","Talaşlı","Kalite (Talaşlı sonrası)","Montaj","Kalite (Montaj sonrası)","Boya","Kalite (Boya sonrası)","Yarı Mamül","KM"})),IF(COUNT(G50:R50)=0,"Başlamadı",LOOKUP(2,1/(G50:R50=MAX(G50:R50)),{"Tasarımda","Ply Cutter'da","Üretimde","Kalitede (Üretim sonrası)","Talaşlıda","Kalitede (Talaşlı sonrası)","Montajda","Kalitede (Montaj sonrası)","Boyada","Kalitede (Boya sonrası)","Yarı Mamülde","KM'de"})))))) -> Kapandı – Kalite (Üretim sonrası) | AA50: =IF(OR(B50="",F50=""),"",IFERROR(IF(S50<>"",S50-F50,IF(T50<>"",T50-F50,TODAY()-F50)),"")) -> 3 | AD50: =IF(OR($B50="",NOT(ISNUMBER(G50))),"",IF(COUNTIF(H50:$T50,G50)>0,0,IF(COUNTIF($G50:$T50,">"&G50)=0,"",SMALL($G50:$T50,COUNTIF($G50:$T50,"<="&G50)+1)-G50))) | AE50: =IF(OR($B50="",NOT(ISNUMBER(H50))),"",IF(COUNTIF(I50:$T50,H50)>0,0,IF(COUNTIF($G50:$T50,">"&H50)=0,"",SMALL($G50:$T50,COUNTIF($G50:$T50,"<="&H50)+1)-H50))) | AF50: =IF(OR($B50="",NOT(ISNUMBER(I50))),"",IF(COUNTIF(J50:$T50,I50)>0,0,IF(COUNTIF($G50:$T50,">"&I50)=0,"",SMALL($G50:$T50,COUNTIF($G50:$T50,"<="&I50)+1)-I50))) -> 3 | AG50: =IF(OR($B50="",NOT(ISNUMBER(J50))),"",IF(COUNTIF(K50:$T50,J50)>0,0,IF(COUNTIF($G50:$T50,">"&J50)=0,"",SMALL($G50:$T50,COUNTIF($G50:$T50,"<="&J50)+1)-J50))) -> 0 | AH50: =IF(OR($B50="",NOT(ISNUMBER(K50))),"",IF(COUNTIF(L50:$T50,K50)>0,0,IF(COUNTIF($G50:$T50,">"&K50)=0,"",SMALL($G50:$T50,COUNTIF($G50:$T50,"<="&K50)+1)-K50))) | AI50: =IF(OR($B50="",NOT(ISNUMBER(L50))),"",IF(COUNTIF(M50:$T50,L50)>0,0,IF(COUNTIF($G50:$T50,">"&L50)=0,"",SMALL($G50:$T50,COUNTIF($G50:$T50,"<="&L50)+1)-L50))) | AJ50: =IF(OR($B50="",NOT(ISNUMBER(M50))),"",IF(COUNTIF(N50:$T50,M50)>0,0,IF(COUNTIF($G50:$T50,">"&M50)=0,"",SMALL($G50:$T50,COUNTIF($G50:$T50,"<="&M50)+1)-M50))) | AK50: =IF(OR($B50="",NOT(ISNUMBER(N50))),"",IF(COUNTIF(O50:$T50,N50)>0,0,IF(COUNTIF($G50:$T50,">"&N50)=0,"",SMALL($G50:$T50,COUNTIF($G50:$T50,"<="&N50)+1)-N50))) | ... AO50: =IF(OR($B50="",NOT(ISNUMBER(R50))),"",IF(COUNTIF(S50:$T50,R50)>0,0,IF(COUNTIF($G50:$T50,">"&R50)=0,"",SMALL($G50:$T50,COUNTIF($G50:$T50,"<="&R50)+1)-R50))) | AP50: =IF(OR($B50="",Z50="",Z50="Başlamadı",Z50="Sevk Edildi",Z50="Reworkte",LEFT(Z50,7)="Kapandı"),0,TODAY()-MAX($G50:$R50)) -> 0 | AQ50: =IF(AND(ISNUMBER(G50),ISNUMBER(AD50)),G50+AD50,"") | AR50: =IF(AND(ISNUMBER(H50),ISNUMBER(AE50)),H50+AE50,"") | AS50: =IF(AND(ISNUMBER(I50),ISNUMBER(AF50)),I50+AF50,"") -> 46293 | AT50: =IF(AND(ISNUMBER(J50),ISNUMBER(AG50)),J50+AG50,"") -> 46293 | AU50: =IF(AND(ISNUMBER(K50),ISNUMBER(AH50)),K50+AH50,"") | AV50: =IF(AND(ISNUMBER(L50),ISNUMBER(AI50)),L50+AI50,"") | AW50: =IF(AND(ISNUMBER(M50),ISNUMBER(AJ50)),M50+AJ50,"") | AX50: =IF(AND(ISNUMBER(N50),ISNUMBER(AK50)),N50+AK50,"") | ... BB50: =IF(AND(ISNUMBER(R50),ISNUMBER(AO50)),R50+AO50,"") | BC50: =IF(AND(S50="",T50=""),"",MIN(S50,T50)) -> 46293
A51: =IF(B51="","",ROW()-2) -> 49 | B51: M43034 | C51: MN-0000-3297-B - 1 - RADOM KOMPOZIT ANT. YASSI ALT | D51: =IFERROR(VALUE(TRIM(MID(C51,FIND(" - ",C51)+3,FIND(" - ",C51,FIND(" - ",C51)+3)-FIND(" - ",C51)-3))),"") -> 1 | E51: AYÇA GÖK | F51: 46290 | I51: 46290 | J51: 46293 | T51: 46293 | Z51: =IF(B51="","",IF(S51<>"","Sevk Edildi",IF(AND(X51<>"",Y51=""),"Reworkte",IF(T51<>"","Kapandı"&IF(COUNT(G51:R51)=0,""," – "&LOOKUP(2,1/(G51:R51=MAX(G51:R51)),{"Tasarım","Ply Cutter","Üretim","Kalite (Üretim sonrası)","Talaşlı","Kalite (Talaşlı sonrası)","Montaj","Kalite (Montaj sonrası)","Boya","Kalite (Boya sonrası)","Yarı Mamül","KM"})),IF(COUNT(G51:R51)=0,"Başlamadı",LOOKUP(2,1/(G51:R51=MAX(G51:R51)),{"Tasarımda","Ply Cutter'da","Üretimde","Kalitede (Üretim sonrası)","Talaşlıda","Kalitede (Talaşlı sonrası)","Montajda","Kalitede (Montaj sonrası)","Boyada","Kalitede (Boya sonrası)","Yarı Mamülde","KM'de"})))))) -> Kapandı – Kalite (Üretim sonrası) | AA51: =IF(OR(B51="",F51=""),"",IFERROR(IF(S51<>"",S51-F51,IF(T51<>"",T51-F51,TODAY()-F51)),"")) -> 3 | AD51: =IF(OR($B51="",NOT(ISNUMBER(G51))),"",IF(COUNTIF(H51:$T51,G51)>0,0,IF(COUNTIF($G51:$T51,">"&G51)=0,"",SMALL($G51:$T51,COUNTIF($G51:$T51,"<="&G51)+1)-G51))) | AE51: =IF(OR($B51="",NOT(ISNUMBER(H51))),"",IF(COUNTIF(I51:$T51,H51)>0,0,IF(COUNTIF($G51:$T51,">"&H51)=0,"",SMALL($G51:$T51,COUNTIF($G51:$T51,"<="&H51)+1)-H51))) | AF51: =IF(OR($B51="",NOT(ISNUMBER(I51))),"",IF(COUNTIF(J51:$T51,I51)>0,0,IF(COUNTIF($G51:$T51,">"&I51)=0,"",SMALL($G51:$T51,COUNTIF($G51:$T51,"<="&I51)+1)-I51))) -> 3 | AG51: =IF(OR($B51="",NOT(ISNUMBER(J51))),"",IF(COUNTIF(K51:$T51,J51)>0,0,IF(COUNTIF($G51:$T51,">"&J51)=0,"",SMALL($G51:$T51,COUNTIF($G51:$T51,"<="&J51)+1)-J51))) -> 0 | AH51: =IF(OR($B51="",NOT(ISNUMBER(K51))),"",IF(COUNTIF(L51:$T51,K51)>0,0,IF(COUNTIF($G51:$T51,">"&K51)=0,"",SMALL($G51:$T51,COUNTIF($G51:$T51,"<="&K51)+1)-K51))) | AI51: =IF(OR($B51="",NOT(ISNUMBER(L51))),"",IF(COUNTIF(M51:$T51,L51)>0,0,IF(COUNTIF($G51:$T51,">"&L51)=0,"",SMALL($G51:$T51,COUNTIF($G51:$T51,"<="&L51)+1)-L51))) | AJ51: =IF(OR($B51="",NOT(ISNUMBER(M51))),"",IF(COUNTIF(N51:$T51,M51)>0,0,IF(COUNTIF($G51:$T51,">"&M51)=0,"",SMALL($G51:$T51,COUNTIF($G51:$T51,"<="&M51)+1)-M51))) | AK51: =IF(OR($B51="",NOT(ISNUMBER(N51))),"",IF(COUNTIF(O51:$T51,N51)>0,0,IF(COUNTIF($G51:$T51,">"&N51)=0,"",SMALL($G51:$T51,COUNTIF($G51:$T51,"<="&N51)+1)-N51))) | ... AO51: =IF(OR($B51="",NOT(ISNUMBER(R51))),"",IF(COUNTIF(S51:$T51,R51)>0,0,IF(COUNTIF($G51:$T51,">"&R51)=0,"",SMALL($G51:$T51,COUNTIF($G51:$T51,"<="&R51)+1)-R51))) | AP51: =IF(OR($B51="",Z51="",Z51="Başlamadı",Z51="Sevk Edildi",Z51="Reworkte",LEFT(Z51,7)="Kapandı"),0,TODAY()-MAX($G51:$R51)) -> 0 | AQ51: =IF(AND(ISNUMBER(G51),ISNUMBER(AD51)),G51+AD51,"") | AR51: =IF(AND(ISNUMBER(H51),ISNUMBER(AE51)),H51+AE51,"") | AS51: =IF(AND(ISNUMBER(I51),ISNUMBER(AF51)),I51+AF51,"") -> 46293 | AT51: =IF(AND(ISNUMBER(J51),ISNUMBER(AG51)),J51+AG51,"") -> 46293 | AU51: =IF(AND(ISNUMBER(K51),ISNUMBER(AH51)),K51+AH51,"") | AV51: =IF(AND(ISNUMBER(L51),ISNUMBER(AI51)),L51+AI51,"") | AW51: =IF(AND(ISNUMBER(M51),ISNUMBER(AJ51)),M51+AJ51,"") | AX51: =IF(AND(ISNUMBER(N51),ISNUMBER(AK51)),N51+AK51,"") | ... BB51: =IF(AND(ISNUMBER(R51),ISNUMBER(AO51)),R51+AO51,"") | BC51: =IF(AND(S51="",T51=""),"",MIN(S51,T51)) -> 46293
A52: =IF(B52="","",ROW()-2) -> 50 | B52: M43035 | C52: MN-0000-3297-B - 1 - RADOM KOMPOZIT ANT. YASSI ALT | D52: =IFERROR(VALUE(TRIM(MID(C52,FIND(" - ",C52)+3,FIND(" - ",C52,FIND(" - ",C52)+3)-FIND(" - ",C52)-3))),"") -> 1 | E52: AYÇA GÖK | F52: 46290 | I52: 46290 | J52: 46293 | T52: 46293 | Z52: =IF(B52="","",IF(S52<>"","Sevk Edildi",IF(AND(X52<>"",Y52=""),"Reworkte",IF(T52<>"","Kapandı"&IF(COUNT(G52:R52)=0,""," – "&LOOKUP(2,1/(G52:R52=MAX(G52:R52)),{"Tasarım","Ply Cutter","Üretim","Kalite (Üretim sonrası)","Talaşlı","Kalite (Talaşlı sonrası)","Montaj","Kalite (Montaj sonrası)","Boya","Kalite (Boya sonrası)","Yarı Mamül","KM"})),IF(COUNT(G52:R52)=0,"Başlamadı",LOOKUP(2,1/(G52:R52=MAX(G52:R52)),{"Tasarımda","Ply Cutter'da","Üretimde","Kalitede (Üretim sonrası)","Talaşlıda","Kalitede (Talaşlı sonrası)","Montajda","Kalitede (Montaj sonrası)","Boyada","Kalitede (Boya sonrası)","Yarı Mamülde","KM'de"})))))) -> Kapandı – Kalite (Üretim sonrası) | AA52: =IF(OR(B52="",F52=""),"",IFERROR(IF(S52<>"",S52-F52,IF(T52<>"",T52-F52,TODAY()-F52)),"")) -> 3 | AD52: =IF(OR($B52="",NOT(ISNUMBER(G52))),"",IF(COUNTIF(H52:$T52,G52)>0,0,IF(COUNTIF($G52:$T52,">"&G52)=0,"",SMALL($G52:$T52,COUNTIF($G52:$T52,"<="&G52)+1)-G52))) | AE52: =IF(OR($B52="",NOT(ISNUMBER(H52))),"",IF(COUNTIF(I52:$T52,H52)>0,0,IF(COUNTIF($G52:$T52,">"&H52)=0,"",SMALL($G52:$T52,COUNTIF($G52:$T52,"<="&H52)+1)-H52))) | AF52: =IF(OR($B52="",NOT(ISNUMBER(I52))),"",IF(COUNTIF(J52:$T52,I52)>0,0,IF(COUNTIF($G52:$T52,">"&I52)=0,"",SMALL($G52:$T52,COUNTIF($G52:$T52,"<="&I52)+1)-I52))) -> 3 | AG52: =IF(OR($B52="",NOT(ISNUMBER(J52))),"",IF(COUNTIF(K52:$T52,J52)>0,0,IF(COUNTIF($G52:$T52,">"&J52)=0,"",SMALL($G52:$T52,COUNTIF($G52:$T52,"<="&J52)+1)-J52))) -> 0 | AH52: =IF(OR($B52="",NOT(ISNUMBER(K52))),"",IF(COUNTIF(L52:$T52,K52)>0,0,IF(COUNTIF($G52:$T52,">"&K52)=0,"",SMALL($G52:$T52,COUNTIF($G52:$T52,"<="&K52)+1)-K52))) | AI52: =IF(OR($B52="",NOT(ISNUMBER(L52))),"",IF(COUNTIF(M52:$T52,L52)>0,0,IF(COUNTIF($G52:$T52,">"&L52)=0,"",SMALL($G52:$T52,COUNTIF($G52:$T52,"<="&L52)+1)-L52))) | AJ52: =IF(OR($B52="",NOT(ISNUMBER(M52))),"",IF(COUNTIF(N52:$T52,M52)>0,0,IF(COUNTIF($G52:$T52,">"&M52)=0,"",SMALL($G52:$T52,COUNTIF($G52:$T52,"<="&M52)+1)-M52))) | AK52: =IF(OR($B52="",NOT(ISNUMBER(N52))),"",IF(COUNTIF(O52:$T52,N52)>0,0,IF(COUNTIF($G52:$T52,">"&N52)=0,"",SMALL($G52:$T52,COUNTIF($G52:$T52,"<="&N52)+1)-N52))) | ... AO52: =IF(OR($B52="",NOT(ISNUMBER(R52))),"",IF(COUNTIF(S52:$T52,R52)>0,0,IF(COUNTIF($G52:$T52,">"&R52)=0,"",SMALL($G52:$T52,COUNTIF($G52:$T52,"<="&R52)+1)-R52))) | AP52: =IF(OR($B52="",Z52="",Z52="Başlamadı",Z52="Sevk Edildi",Z52="Reworkte",LEFT(Z52,7)="Kapandı"),0,TODAY()-MAX($G52:$R52)) -> 0 | AQ52: =IF(AND(ISNUMBER(G52),ISNUMBER(AD52)),G52+AD52,"") | AR52: =IF(AND(ISNUMBER(H52),ISNUMBER(AE52)),H52+AE52,"") | AS52: =IF(AND(ISNUMBER(I52),ISNUMBER(AF52)),I52+AF52,"") -> 46293 | AT52: =IF(AND(ISNUMBER(J52),ISNUMBER(AG52)),J52+AG52,"") -> 46293 | AU52: =IF(AND(ISNUMBER(K52),ISNUMBER(AH52)),K52+AH52,"") | AV52: =IF(AND(ISNUMBER(L52),ISNUMBER(AI52)),L52+AI52,"") | AW52: =IF(AND(ISNUMBER(M52),ISNUMBER(AJ52)),M52+AJ52,"") | AX52: =IF(AND(ISNUMBER(N52),ISNUMBER(AK52)),N52+AK52,"") | ... BB52: =IF(AND(ISNUMBER(R52),ISNUMBER(AO52)),R52+AO52,"") | BC52: =IF(AND(S52="",T52=""),"",MIN(S52,T52)) -> 46293
A53: =IF(B53="","",ROW()-2) -> 51 | B53: M43036 | C53: MN-7516-0002-B - 1 - RADOM ANTEN YASSI KUCUK PGR S | D53: =IFERROR(VALUE(TRIM(MID(C53,FIND(" - ",C53)+3,FIND(" - ",C53,FIND(" - ",C53)+3)-FIND(" - ",C53)-3))),"") -> 1 | E53: AYÇA GÖK | F53: 46290 | I53: 46290 | J53: 46295 | T53: 46295 | Z53: =IF(B53="","",IF(S53<>"","Sevk Edildi",IF(AND(X53<>"",Y53=""),"Reworkte",IF(T53<>"","Kapandı"&IF(COUNT(G53:R53)=0,""," – "&LOOKUP(2,1/(G53:R53=MAX(G53:R53)),{"Tasarım","Ply Cutter","Üretim","Kalite (Üretim sonrası)","Talaşlı","Kalite (Talaşlı sonrası)","Montaj","Kalite (Montaj sonrası)","Boya","Kalite (Boya sonrası)","Yarı Mamül","KM"})),IF(COUNT(G53:R53)=0,"Başlamadı",LOOKUP(2,1/(G53:R53=MAX(G53:R53)),{"Tasarımda","Ply Cutter'da","Üretimde","Kalitede (Üretim sonrası)","Talaşlıda","Kalitede (Talaşlı sonrası)","Montajda","Kalitede (Montaj sonrası)","Boyada","Kalitede (Boya sonrası)","Yarı Mamülde","KM'de"})))))) -> Kapandı – Kalite (Üretim sonrası) | AA53: =IF(OR(B53="",F53=""),"",IFERROR(IF(S53<>"",S53-F53,IF(T53<>"",T53-F53,TODAY()-F53)),"")) -> 5 | AD53: =IF(OR($B53="",NOT(ISNUMBER(G53))),"",IF(COUNTIF(H53:$T53,G53)>0,0,IF(COUNTIF($G53:$T53,">"&G53)=0,"",SMALL($G53:$T53,COUNTIF($G53:$T53,"<="&G53)+1)-G53))) | AE53: =IF(OR($B53="",NOT(ISNUMBER(H53))),"",IF(COUNTIF(I53:$T53,H53)>0,0,IF(COUNTIF($G53:$T53,">"&H53)=0,"",SMALL($G53:$T53,COUNTIF($G53:$T53,"<="&H53)+1)-H53))) | AF53: =IF(OR($B53="",NOT(ISNUMBER(I53))),"",IF(COUNTIF(J53:$T53,I53)>0,0,IF(COUNTIF($G53:$T53,">"&I53)=0,"",SMALL($G53:$T53,COUNTIF($G53:$T53,"<="&I53)+1)-I53))) -> 5 | AG53: =IF(OR($B53="",NOT(ISNUMBER(J53))),"",IF(COUNTIF(K53:$T53,J53)>0,0,IF(COUNTIF($G53:$T53,">"&J53)=0,"",SMALL($G53:$T53,COUNTIF($G53:$T53,"<="&J53)+1)-J53))) -> 0 | AH53: =IF(OR($B53="",NOT(ISNUMBER(K53))),"",IF(COUNTIF(L53:$T53,K53)>0,0,IF(COUNTIF($G53:$T53,">"&K53)=0,"",SMALL($G53:$T53,COUNTIF($G53:$T53,"<="&K53)+1)-K53))) | AI53: =IF(OR($B53="",NOT(ISNUMBER(L53))),"",IF(COUNTIF(M53:$T53,L53)>0,0,IF(COUNTIF($G53:$T53,">"&L53)=0,"",SMALL($G53:$T53,COUNTIF($G53:$T53,"<="&L53)+1)-L53))) | AJ53: =IF(OR($B53="",NOT(ISNUMBER(M53))),"",IF(COUNTIF(N53:$T53,M53)>0,0,IF(COUNTIF($G53:$T53,">"&M53)=0,"",SMALL($G53:$T53,COUNTIF($G53:$T53,"<="&M53)+1)-M53))) | AK53: =IF(OR($B53="",NOT(ISNUMBER(N53))),"",IF(COUNTIF(O53:$T53,N53)>0,0,IF(COUNTIF($G53:$T53,">"&N53)=0,"",SMALL($G53:$T53,COUNTIF($G53:$T53,"<="&N53)+1)-N53))) | ... AO53: =IF(OR($B53="",NOT(ISNUMBER(R53))),"",IF(COUNTIF(S53:$T53,R53)>0,0,IF(COUNTIF($G53:$T53,">"&R53)=0,"",SMALL($G53:$T53,COUNTIF($G53:$T53,"<="&R53)+1)-R53))) | AP53: =IF(OR($B53="",Z53="",Z53="Başlamadı",Z53="Sevk Edildi",Z53="Reworkte",LEFT(Z53,7)="Kapandı"),0,TODAY()-MAX($G53:$R53)) -> 0 | AQ53: =IF(AND(ISNUMBER(G53),ISNUMBER(AD53)),G53+AD53,"") | AR53: =IF(AND(ISNUMBER(H53),ISNUMBER(AE53)),H53+AE53,"") | AS53: =IF(AND(ISNUMBER(I53),ISNUMBER(AF53)),I53+AF53,"") -> 46295 | AT53: =IF(AND(ISNUMBER(J53),ISNUMBER(AG53)),J53+AG53,"") -> 46295 | AU53: =IF(AND(ISNUMBER(K53),ISNUMBER(AH53)),K53+AH53,"") | AV53: =IF(AND(ISNUMBER(L53),ISNUMBER(AI53)),L53+AI53,"") | AW53: =IF(AND(ISNUMBER(M53),ISNUMBER(AJ53)),M53+AJ53,"") | AX53: =IF(AND(ISNUMBER(N53),ISNUMBER(AK53)),N53+AK53,"") | ... BB53: =IF(AND(ISNUMBER(R53),ISNUMBER(AO53)),R53+AO53,"") | BC53: =IF(AND(S53="",T53=""),"",MIN(S53,T53)) -> 46295
A54: =IF(B54="","",ROW()-2) -> 52 | B54: M43037 | C54: MN-0000-3297-C - 7 - RADOM KOMPOZIT ANTEN YASSI AL | D54: =IFERROR(VALUE(TRIM(MID(C54,FIND(" - ",C54)+3,FIND(" - ",C54,FIND(" - ",C54)+3)-FIND(" - ",C54)-3))),"") -> 7 | E54: ÖMER ÖZCAN | F54: 46290 | K54: 46290 | L54: 46293 | T54: 46293 | Z54: =IF(B54="","",IF(S54<>"","Sevk Edildi",IF(AND(X54<>"",Y54=""),"Reworkte",IF(T54<>"","Kapandı"&IF(COUNT(G54:R54)=0,""," – "&LOOKUP(2,1/(G54:R54=MAX(G54:R54)),{"Tasarım","Ply Cutter","Üretim","Kalite (Üretim sonrası)","Talaşlı","Kalite (Talaşlı sonrası)","Montaj","Kalite (Montaj sonrası)","Boya","Kalite (Boya sonrası)","Yarı Mamül","KM"})),IF(COUNT(G54:R54)=0,"Başlamadı",LOOKUP(2,1/(G54:R54=MAX(G54:R54)),{"Tasarımda","Ply Cutter'da","Üretimde","Kalitede (Üretim sonrası)","Talaşlıda","Kalitede (Talaşlı sonrası)","Montajda","Kalitede (Montaj sonrası)","Boyada","Kalitede (Boya sonrası)","Yarı Mamülde","KM'de"})))))) -> Kapandı – Kalite (Talaşlı sonrası) | AA54: =IF(OR(B54="",F54=""),"",IFERROR(IF(S54<>"",S54-F54,IF(T54<>"",T54-F54,TODAY()-F54)),"")) -> 3 | AD54: =IF(OR($B54="",NOT(ISNUMBER(G54))),"",IF(COUNTIF(H54:$T54,G54)>0,0,IF(COUNTIF($G54:$T54,">"&G54)=0,"",SMALL($G54:$T54,COUNTIF($G54:$T54,"<="&G54)+1)-G54))) | AE54: =IF(OR($B54="",NOT(ISNUMBER(H54))),"",IF(COUNTIF(I54:$T54,H54)>0,0,IF(COUNTIF($G54:$T54,">"&H54)=0,"",SMALL($G54:$T54,COUNTIF($G54:$T54,"<="&H54)+1)-H54))) | AF54: =IF(OR($B54="",NOT(ISNUMBER(I54))),"",IF(COUNTIF(J54:$T54,I54)>0,0,IF(COUNTIF($G54:$T54,">"&I54)=0,"",SMALL($G54:$T54,COUNTIF($G54:$T54,"<="&I54)+1)-I54))) | AG54: =IF(OR($B54="",NOT(ISNUMBER(J54))),"",IF(COUNTIF(K54:$T54,J54)>0,0,IF(COUNTIF($G54:$T54,">"&J54)=0,"",SMALL($G54:$T54,COUNTIF($G54:$T54,"<="&J54)+1)-J54))) | AH54: =IF(OR($B54="",NOT(ISNUMBER(K54))),"",IF(COUNTIF(L54:$T54,K54)>0,0,IF(COUNTIF($G54:$T54,">"&K54)=0,"",SMALL($G54:$T54,COUNTIF($G54:$T54,"<="&K54)+1)-K54))) -> 3 | AI54: =IF(OR($B54="",NOT(ISNUMBER(L54))),"",IF(COUNTIF(M54:$T54,L54)>0,0,IF(COUNTIF($G54:$T54,">"&L54)=0,"",SMALL($G54:$T54,COUNTIF($G54:$T54,"<="&L54)+1)-L54))) -> 0 | AJ54: =IF(OR($B54="",NOT(ISNUMBER(M54))),"",IF(COUNTIF(N54:$T54,M54)>0,0,IF(COUNTIF($G54:$T54,">"&M54)=0,"",SMALL($G54:$T54,COUNTIF($G54:$T54,"<="&M54)+1)-M54))) | AK54: =IF(OR($B54="",NOT(ISNUMBER(N54))),"",IF(COUNTIF(O54:$T54,N54)>0,0,IF(COUNTIF($G54:$T54,">"&N54)=0,"",SMALL($G54:$T54,COUNTIF($G54:$T54,"<="&N54)+1)-N54))) | ... AO54: =IF(OR($B54="",NOT(ISNUMBER(R54))),"",IF(COUNTIF(S54:$T54,R54)>0,0,IF(COUNTIF($G54:$T54,">"&R54)=0,"",SMALL($G54:$T54,COUNTIF($G54:$T54,"<="&R54)+1)-R54))) | AP54: =IF(OR($B54="",Z54="",Z54="Başlamadı",Z54="Sevk Edildi",Z54="Reworkte",LEFT(Z54,7)="Kapandı"),0,TODAY()-MAX($G54:$R54)) -> 0 | AQ54: =IF(AND(ISNUMBER(G54),ISNUMBER(AD54)),G54+AD54,"") | AR54: =IF(AND(ISNUMBER(H54),ISNUMBER(AE54)),H54+AE54,"") | AS54: =IF(AND(ISNUMBER(I54),ISNUMBER(AF54)),I54+AF54,"") | AT54: =IF(AND(ISNUMBER(J54),ISNUMBER(AG54)),J54+AG54,"") | AU54: =IF(AND(ISNUMBER(K54),ISNUMBER(AH54)),K54+AH54,"") -> 46293 | AV54: =IF(AND(ISNUMBER(L54),ISNUMBER(AI54)),L54+AI54,"") -> 46293 | AW54: =IF(AND(ISNUMBER(M54),ISNUMBER(AJ54)),M54+AJ54,"") | AX54: =IF(AND(ISNUMBER(N54),ISNUMBER(AK54)),N54+AK54,"") | ... BB54: =IF(AND(ISNUMBER(R54),ISNUMBER(AO54)),R54+AO54,"") | BC54: =IF(AND(S54="",T54=""),"",MIN(S54,T54)) -> 46293
A55: =IF(B55="","",ROW()-2) -> 53 | B55: M43038 | C55: MN-7516-0002-B - 1 - RADOM ANTEN YASSI KUCUK PGR S | D55: =IFERROR(VALUE(TRIM(MID(C55,FIND(" - ",C55)+3,FIND(" - ",C55,FIND(" - ",C55)+3)-FIND(" - ",C55)-3))),"") -> 1 | E55: AYÇA GÖK | F55: 46290 | I55: 46290 | J55: 46291 | Q55: 46293 | T55: 46293 | Z55: =IF(B55="","",IF(S55<>"","Sevk Edildi",IF(AND(X55<>"",Y55=""),"Reworkte",IF(T55<>"","Kapandı"&IF(COUNT(G55:R55)=0,""," – "&LOOKUP(2,1/(G55:R55=MAX(G55:R55)),{"Tasarım","Ply Cutter","Üretim","Kalite (Üretim sonrası)","Talaşlı","Kalite (Talaşlı sonrası)","Montaj","Kalite (Montaj sonrası)","Boya","Kalite (Boya sonrası)","Yarı Mamül","KM"})),IF(COUNT(G55:R55)=0,"Başlamadı",LOOKUP(2,1/(G55:R55=MAX(G55:R55)),{"Tasarımda","Ply Cutter'da","Üretimde","Kalitede (Üretim sonrası)","Talaşlıda","Kalitede (Talaşlı sonrası)","Montajda","Kalitede (Montaj sonrası)","Boyada","Kalitede (Boya sonrası)","Yarı Mamülde","KM'de"})))))) -> Kapandı – Yarı Mamül | AA55: =IF(OR(B55="",F55=""),"",IFERROR(IF(S55<>"",S55-F55,IF(T55<>"",T55-F55,TODAY()-F55)),"")) -> 3 | AD55: =IF(OR($B55="",NOT(ISNUMBER(G55))),"",IF(COUNTIF(H55:$T55,G55)>0,0,IF(COUNTIF($G55:$T55,">"&G55)=0,"",SMALL($G55:$T55,COUNTIF($G55:$T55,"<="&G55)+1)-G55))) | AE55: =IF(OR($B55="",NOT(ISNUMBER(H55))),"",IF(COUNTIF(I55:$T55,H55)>0,0,IF(COUNTIF($G55:$T55,">"&H55)=0,"",SMALL($G55:$T55,COUNTIF($G55:$T55,"<="&H55)+1)-H55))) | AF55: =IF(OR($B55="",NOT(ISNUMBER(I55))),"",IF(COUNTIF(J55:$T55,I55)>0,0,IF(COUNTIF($G55:$T55,">"&I55)=0,"",SMALL($G55:$T55,COUNTIF($G55:$T55,"<="&I55)+1)-I55))) -> 1 | AG55: =IF(OR($B55="",NOT(ISNUMBER(J55))),"",IF(COUNTIF(K55:$T55,J55)>0,0,IF(COUNTIF($G55:$T55,">"&J55)=0,"",SMALL($G55:$T55,COUNTIF($G55:$T55,"<="&J55)+1)-J55))) -> 2 | AH55: =IF(OR($B55="",NOT(ISNUMBER(K55))),"",IF(COUNTIF(L55:$T55,K55)>0,0,IF(COUNTIF($G55:$T55,">"&K55)=0,"",SMALL($G55:$T55,COUNTIF($G55:$T55,"<="&K55)+1)-K55))) | AI55: =IF(OR($B55="",NOT(ISNUMBER(L55))),"",IF(COUNTIF(M55:$T55,L55)>0,0,IF(COUNTIF($G55:$T55,">"&L55)=0,"",SMALL($G55:$T55,COUNTIF($G55:$T55,"<="&L55)+1)-L55))) | AJ55: =IF(OR($B55="",NOT(ISNUMBER(M55))),"",IF(COUNTIF(N55:$T55,M55)>0,0,IF(COUNTIF($G55:$T55,">"&M55)=0,"",SMALL($G55:$T55,COUNTIF($G55:$T55,"<="&M55)+1)-M55))) | AK55: =IF(OR($B55="",NOT(ISNUMBER(N55))),"",IF(COUNTIF(O55:$T55,N55)>0,0,IF(COUNTIF($G55:$T55,">"&N55)=0,"",SMALL($G55:$T55,COUNTIF($G55:$T55,"<="&N55)+1)-N55))) | ... AO55: =IF(OR($B55="",NOT(ISNUMBER(R55))),"",IF(COUNTIF(S55:$T55,R55)>0,0,IF(COUNTIF($G55:$T55,">"&R55)=0,"",SMALL($G55:$T55,COUNTIF($G55:$T55,"<="&R55)+1)-R55))) | AP55: =IF(OR($B55="",Z55="",Z55="Başlamadı",Z55="Sevk Edildi",Z55="Reworkte",LEFT(Z55,7)="Kapandı"),0,TODAY()-MAX($G55:$R55)) -> 0 | AQ55: =IF(AND(ISNUMBER(G55),ISNUMBER(AD55)),G55+AD55,"") | AR55: =IF(AND(ISNUMBER(H55),ISNUMBER(AE55)),H55+AE55,"") | AS55: =IF(AND(ISNUMBER(I55),ISNUMBER(AF55)),I55+AF55,"") -> 46291 | AT55: =IF(AND(ISNUMBER(J55),ISNUMBER(AG55)),J55+AG55,"") -> 46293 | AU55: =IF(AND(ISNUMBER(K55),ISNUMBER(AH55)),K55+AH55,"") | AV55: =IF(AND(ISNUMBER(L55),ISNUMBER(AI55)),L55+AI55,"") | AW55: =IF(AND(ISNUMBER(M55),ISNUMBER(AJ55)),M55+AJ55,"") | AX55: =IF(AND(ISNUMBER(N55),ISNUMBER(AK55)),N55+AK55,"") | ... BB55: =IF(AND(ISNUMBER(R55),ISNUMBER(AO55)),R55+AO55,"") | BC55: =IF(AND(S55="",T55=""),"",MIN(S55,T55)) -> 46293
A56: =IF(B56="","",ROW()-2) -> 54 | B56: M43039 | C56: 2020-007-B - 1 - HF AYAK SERIM | D56: =IFERROR(VALUE(TRIM(MID(C56,FIND(" - ",C56)+3,FIND(" - ",C56,FIND(" - ",C56)+3)-FIND(" - ",C56)-3))),"") -> 1 | E56: AYÇA GÖK | F56: 46290 | I56: 46290 | J56: 46293 | T56: 46293 | Z56: =IF(B56="","",IF(S56<>"","Sevk Edildi",IF(AND(X56<>"",Y56=""),"Reworkte",IF(T56<>"","Kapandı"&IF(COUNT(G56:R56)=0,""," – "&LOOKUP(2,1/(G56:R56=MAX(G56:R56)),{"Tasarım","Ply Cutter","Üretim","Kalite (Üretim sonrası)","Talaşlı","Kalite (Talaşlı sonrası)","Montaj","Kalite (Montaj sonrası)","Boya","Kalite (Boya sonrası)","Yarı Mamül","KM"})),IF(COUNT(G56:R56)=0,"Başlamadı",LOOKUP(2,1/(G56:R56=MAX(G56:R56)),{"Tasarımda","Ply Cutter'da","Üretimde","Kalitede (Üretim sonrası)","Talaşlıda","Kalitede (Talaşlı sonrası)","Montajda","Kalitede (Montaj sonrası)","Boyada","Kalitede (Boya sonrası)","Yarı Mamülde","KM'de"})))))) -> Kapandı – Kalite (Üretim sonrası) | AA56: =IF(OR(B56="",F56=""),"",IFERROR(IF(S56<>"",S56-F56,IF(T56<>"",T56-F56,TODAY()-F56)),"")) -> 3 | AD56: =IF(OR($B56="",NOT(ISNUMBER(G56))),"",IF(COUNTIF(H56:$T56,G56)>0,0,IF(COUNTIF($G56:$T56,">"&G56)=0,"",SMALL($G56:$T56,COUNTIF($G56:$T56,"<="&G56)+1)-G56))) | AE56: =IF(OR($B56="",NOT(ISNUMBER(H56))),"",IF(COUNTIF(I56:$T56,H56)>0,0,IF(COUNTIF($G56:$T56,">"&H56)=0,"",SMALL($G56:$T56,COUNTIF($G56:$T56,"<="&H56)+1)-H56))) | AF56: =IF(OR($B56="",NOT(ISNUMBER(I56))),"",IF(COUNTIF(J56:$T56,I56)>0,0,IF(COUNTIF($G56:$T56,">"&I56)=0,"",SMALL($G56:$T56,COUNTIF($G56:$T56,"<="&I56)+1)-I56))) -> 3 | AG56: =IF(OR($B56="",NOT(ISNUMBER(J56))),"",IF(COUNTIF(K56:$T56,J56)>0,0,IF(COUNTIF($G56:$T56,">"&J56)=0,"",SMALL($G56:$T56,COUNTIF($G56:$T56,"<="&J56)+1)-J56))) -> 0 | AH56: =IF(OR($B56="",NOT(ISNUMBER(K56))),"",IF(COUNTIF(L56:$T56,K56)>0,0,IF(COUNTIF($G56:$T56,">"&K56)=0,"",SMALL($G56:$T56,COUNTIF($G56:$T56,"<="&K56)+1)-K56))) | AI56: =IF(OR($B56="",NOT(ISNUMBER(L56))),"",IF(COUNTIF(M56:$T56,L56)>0,0,IF(COUNTIF($G56:$T56,">"&L56)=0,"",SMALL($G56:$T56,COUNTIF($G56:$T56,"<="&L56)+1)-L56))) | AJ56: =IF(OR($B56="",NOT(ISNUMBER(M56))),"",IF(COUNTIF(N56:$T56,M56)>0,0,IF(COUNTIF($G56:$T56,">"&M56)=0,"",SMALL($G56:$T56,COUNTIF($G56:$T56,"<="&M56)+1)-M56))) | AK56: =IF(OR($B56="",NOT(ISNUMBER(N56))),"",IF(COUNTIF(O56:$T56,N56)>0,0,IF(COUNTIF($G56:$T56,">"&N56)=0,"",SMALL($G56:$T56,COUNTIF($G56:$T56,"<="&N56)+1)-N56))) | ... AO56: =IF(OR($B56="",NOT(ISNUMBER(R56))),"",IF(COUNTIF(S56:$T56,R56)>0,0,IF(COUNTIF($G56:$T56,">"&R56)=0,"",SMALL($G56:$T56,COUNTIF($G56:$T56,"<="&R56)+1)-R56))) | AP56: =IF(OR($B56="",Z56="",Z56="Başlamadı",Z56="Sevk Edildi",Z56="Reworkte",LEFT(Z56,7)="Kapandı"),0,TODAY()-MAX($G56:$R56)) -> 0 | AQ56: =IF(AND(ISNUMBER(G56),ISNUMBER(AD56)),G56+AD56,"") | AR56: =IF(AND(ISNUMBER(H56),ISNUMBER(AE56)),H56+AE56,"") | AS56: =IF(AND(ISNUMBER(I56),ISNUMBER(AF56)),I56+AF56,"") -> 46293 | AT56: =IF(AND(ISNUMBER(J56),ISNUMBER(AG56)),J56+AG56,"") -> 46293 | AU56: =IF(AND(ISNUMBER(K56),ISNUMBER(AH56)),K56+AH56,"") | AV56: =IF(AND(ISNUMBER(L56),ISNUMBER(AI56)),L56+AI56,"") | AW56: =IF(AND(ISNUMBER(M56),ISNUMBER(AJ56)),M56+AJ56,"") | AX56: =IF(AND(ISNUMBER(N56),ISNUMBER(AK56)),N56+AK56,"") | ... BB56: =IF(AND(ISNUMBER(R56),ISNUMBER(AO56)),R56+AO56,"") | BC56: =IF(AND(S56="",T56=""),"",MIN(S56,T56)) -> 46293
A57: =IF(B57="","",ROW()-2) -> 55 | B57: M43040 | C57: MN-0000-3297-D - 4 - RADOM KOMPOZIT ANT. YASSI ALT | D57: =IFERROR(VALUE(TRIM(MID(C57,FIND(" - ",C57)+3,FIND(" - ",C57,FIND(" - ",C57)+3)-FIND(" - ",C57)-3))),"") -> 4 | E57: ÖMER ÖZCAN | F57: 46290 | M57: 46290 | N57: 46291 | T57: 46291 | Z57: =IF(B57="","",IF(S57<>"","Sevk Edildi",IF(AND(X57<>"",Y57=""),"Reworkte",IF(T57<>"","Kapandı"&IF(COUNT(G57:R57)=0,""," – "&LOOKUP(2,1/(G57:R57=MAX(G57:R57)),{"Tasarım","Ply Cutter","Üretim","Kalite (Üretim sonrası)","Talaşlı","Kalite (Talaşlı sonrası)","Montaj","Kalite (Montaj sonrası)","Boya","Kalite (Boya sonrası)","Yarı Mamül","KM"})),IF(COUNT(G57:R57)=0,"Başlamadı",LOOKUP(2,1/(G57:R57=MAX(G57:R57)),{"Tasarımda","Ply Cutter'da","Üretimde","Kalitede (Üretim sonrası)","Talaşlıda","Kalitede (Talaşlı sonrası)","Montajda","Kalitede (Montaj sonrası)","Boyada","Kalitede (Boya sonrası)","Yarı Mamülde","KM'de"})))))) -> Kapandı – Kalite (Montaj sonrası) | AA57: =IF(OR(B57="",F57=""),"",IFERROR(IF(S57<>"",S57-F57,IF(T57<>"",T57-F57,TODAY()-F57)),"")) -> 1 | AD57: =IF(OR($B57="",NOT(ISNUMBER(G57))),"",IF(COUNTIF(H57:$T57,G57)>0,0,IF(COUNTIF($G57:$T57,">"&G57)=0,"",SMALL($G57:$T57,COUNTIF($G57:$T57,"<="&G57)+1)-G57))) | AE57: =IF(OR($B57="",NOT(ISNUMBER(H57))),"",IF(COUNTIF(I57:$T57,H57)>0,0,IF(COUNTIF($G57:$T57,">"&H57)=0,"",SMALL($G57:$T57,COUNTIF($G57:$T57,"<="&H57)+1)-H57))) | AF57: =IF(OR($B57="",NOT(ISNUMBER(I57))),"",IF(COUNTIF(J57:$T57,I57)>0,0,IF(COUNTIF($G57:$T57,">"&I57)=0,"",SMALL($G57:$T57,COUNTIF($G57:$T57,"<="&I57)+1)-I57))) | AG57: =IF(OR($B57="",NOT(ISNUMBER(J57))),"",IF(COUNTIF(K57:$T57,J57)>0,0,IF(COUNTIF($G57:$T57,">"&J57)=0,"",SMALL($G57:$T57,COUNTIF($G57:$T57,"<="&J57)+1)-J57))) | AH57: =IF(OR($B57="",NOT(ISNUMBER(K57))),"",IF(COUNTIF(L57:$T57,K57)>0,0,IF(COUNTIF($G57:$T57,">"&K57)=0,"",SMALL($G57:$T57,COUNTIF($G57:$T57,"<="&K57)+1)-K57))) | AI57: =IF(OR($B57="",NOT(ISNUMBER(L57))),"",IF(COUNTIF(M57:$T57,L57)>0,0,IF(COUNTIF($G57:$T57,">"&L57)=0,"",SMALL($G57:$T57,COUNTIF($G57:$T57,"<="&L57)+1)-L57))) | AJ57: =IF(OR($B57="",NOT(ISNUMBER(M57))),"",IF(COUNTIF(N57:$T57,M57)>0,0,IF(COUNTIF($G57:$T57,">"&M57)=0,"",SMALL($G57:$T57,COUNTIF($G57:$T57,"<="&M57)+1)-M57))) -> 1 | AK57: =IF(OR($B57="",NOT(ISNUMBER(N57))),"",IF(COUNTIF(O57:$T57,N57)>0,0,IF(COUNTIF($G57:$T57,">"&N57)=0,"",SMALL($G57:$T57,COUNTIF($G57:$T57,"<="&N57)+1)-N57))) -> 0 | ... AO57: =IF(OR($B57="",NOT(ISNUMBER(R57))),"",IF(COUNTIF(S57:$T57,R57)>0,0,IF(COUNTIF($G57:$T57,">"&R57)=0,"",SMALL($G57:$T57,COUNTIF($G57:$T57,"<="&R57)+1)-R57))) | AP57: =IF(OR($B57="",Z57="",Z57="Başlamadı",Z57="Sevk Edildi",Z57="Reworkte",LEFT(Z57,7)="Kapandı"),0,TODAY()-MAX($G57:$R57)) -> 0 | AQ57: =IF(AND(ISNUMBER(G57),ISNUMBER(AD57)),G57+AD57,"") | AR57: =IF(AND(ISNUMBER(H57),ISNUMBER(AE57)),H57+AE57,"") | AS57: =IF(AND(ISNUMBER(I57),ISNUMBER(AF57)),I57+AF57,"") | AT57: =IF(AND(ISNUMBER(J57),ISNUMBER(AG57)),J57+AG57,"") | AU57: =IF(AND(ISNUMBER(K57),ISNUMBER(AH57)),K57+AH57,"") | AV57: =IF(AND(ISNUMBER(L57),ISNUMBER(AI57)),L57+AI57,"") | AW57: =IF(AND(ISNUMBER(M57),ISNUMBER(AJ57)),M57+AJ57,"") -> 46291 | AX57: =IF(AND(ISNUMBER(N57),ISNUMBER(AK57)),N57+AK57,"") -> 46291 | ... BB57: =IF(AND(ISNUMBER(R57),ISNUMBER(AO57)),R57+AO57,"") | BC57: =IF(AND(S57="",T57=""),"",MIN(S57,T57)) -> 46291
A58: =IF(B58="","",ROW()-2) -> 56 | B58: M43041 | C58: 2020-007-B - 1 - HF AYAK SERIM | D58: =IFERROR(VALUE(TRIM(MID(C58,FIND(" - ",C58)+3,FIND(" - ",C58,FIND(" - ",C58)+3)-FIND(" - ",C58)-3))),"") -> 1 | E58: AYÇA GÖK | F58: 46290 | I58: 46290 | J58: 46293 | T58: 46293 | Z58: =IF(B58="","",IF(S58<>"","Sevk Edildi",IF(AND(X58<>"",Y58=""),"Reworkte",IF(T58<>"","Kapandı"&IF(COUNT(G58:R58)=0,""," – "&LOOKUP(2,1/(G58:R58=MAX(G58:R58)),{"Tasarım","Ply Cutter","Üretim","Kalite (Üretim sonrası)","Talaşlı","Kalite (Talaşlı sonrası)","Montaj","Kalite (Montaj sonrası)","Boya","Kalite (Boya sonrası)","Yarı Mamül","KM"})),IF(COUNT(G58:R58)=0,"Başlamadı",LOOKUP(2,1/(G58:R58=MAX(G58:R58)),{"Tasarımda","Ply Cutter'da","Üretimde","Kalitede (Üretim sonrası)","Talaşlıda","Kalitede (Talaşlı sonrası)","Montajda","Kalitede (Montaj sonrası)","Boyada","Kalitede (Boya sonrası)","Yarı Mamülde","KM'de"})))))) -> Kapandı – Kalite (Üretim sonrası) | AA58: =IF(OR(B58="",F58=""),"",IFERROR(IF(S58<>"",S58-F58,IF(T58<>"",T58-F58,TODAY()-F58)),"")) -> 3 | AD58: =IF(OR($B58="",NOT(ISNUMBER(G58))),"",IF(COUNTIF(H58:$T58,G58)>0,0,IF(COUNTIF($G58:$T58,">"&G58)=0,"",SMALL($G58:$T58,COUNTIF($G58:$T58,"<="&G58)+1)-G58))) | AE58: =IF(OR($B58="",NOT(ISNUMBER(H58))),"",IF(COUNTIF(I58:$T58,H58)>0,0,IF(COUNTIF($G58:$T58,">"&H58)=0,"",SMALL($G58:$T58,COUNTIF($G58:$T58,"<="&H58)+1)-H58))) | AF58: =IF(OR($B58="",NOT(ISNUMBER(I58))),"",IF(COUNTIF(J58:$T58,I58)>0,0,IF(COUNTIF($G58:$T58,">"&I58)=0,"",SMALL($G58:$T58,COUNTIF($G58:$T58,"<="&I58)+1)-I58))) -> 3 | AG58: =IF(OR($B58="",NOT(ISNUMBER(J58))),"",IF(COUNTIF(K58:$T58,J58)>0,0,IF(COUNTIF($G58:$T58,">"&J58)=0,"",SMALL($G58:$T58,COUNTIF($G58:$T58,"<="&J58)+1)-J58))) -> 0 | AH58: =IF(OR($B58="",NOT(ISNUMBER(K58))),"",IF(COUNTIF(L58:$T58,K58)>0,0,IF(COUNTIF($G58:$T58,">"&K58)=0,"",SMALL($G58:$T58,COUNTIF($G58:$T58,"<="&K58)+1)-K58))) | AI58: =IF(OR($B58="",NOT(ISNUMBER(L58))),"",IF(COUNTIF(M58:$T58,L58)>0,0,IF(COUNTIF($G58:$T58,">"&L58)=0,"",SMALL($G58:$T58,COUNTIF($G58:$T58,"<="&L58)+1)-L58))) | AJ58: =IF(OR($B58="",NOT(ISNUMBER(M58))),"",IF(COUNTIF(N58:$T58,M58)>0,0,IF(COUNTIF($G58:$T58,">"&M58)=0,"",SMALL($G58:$T58,COUNTIF($G58:$T58,"<="&M58)+1)-M58))) | AK58: =IF(OR($B58="",NOT(ISNUMBER(N58))),"",IF(COUNTIF(O58:$T58,N58)>0,0,IF(COUNTIF($G58:$T58,">"&N58)=0,"",SMALL($G58:$T58,COUNTIF($G58:$T58,"<="&N58)+1)-N58))) | ... AO58: =IF(OR($B58="",NOT(ISNUMBER(R58))),"",IF(COUNTIF(S58:$T58,R58)>0,0,IF(COUNTIF($G58:$T58,">"&R58)=0,"",SMALL($G58:$T58,COUNTIF($G58:$T58,"<="&R58)+1)-R58))) | AP58: =IF(OR($B58="",Z58="",Z58="Başlamadı",Z58="Sevk Edildi",Z58="Reworkte",LEFT(Z58,7)="Kapandı"),0,TODAY()-MAX($G58:$R58)) -> 0 | AQ58: =IF(AND(ISNUMBER(G58),ISNUMBER(AD58)),G58+AD58,"") | AR58: =IF(AND(ISNUMBER(H58),ISNUMBER(AE58)),H58+AE58,"") | AS58: =IF(AND(ISNUMBER(I58),ISNUMBER(AF58)),I58+AF58,"") -> 46293 | AT58: =IF(AND(ISNUMBER(J58),ISNUMBER(AG58)),J58+AG58,"") -> 46293 | AU58: =IF(AND(ISNUMBER(K58),ISNUMBER(AH58)),K58+AH58,"") | AV58: =IF(AND(ISNUMBER(L58),ISNUMBER(AI58)),L58+AI58,"") | AW58: =IF(AND(ISNUMBER(M58),ISNUMBER(AJ58)),M58+AJ58,"") | AX58: =IF(AND(ISNUMBER(N58),ISNUMBER(AK58)),N58+AK58,"") | ... BB58: =IF(AND(ISNUMBER(R58),ISNUMBER(AO58)),R58+AO58,"") | BC58: =IF(AND(S58="",T58=""),"",MIN(S58,T58)) -> 46293
A59: =IF(B59="","",ROW()-2) -> 57 | B59: M43042 | C59: MN-7750-0043-B - 1 - REFLEKTOR DONER ANTEN EDELINT | D59: =IFERROR(VALUE(TRIM(MID(C59,FIND(" - ",C59)+3,FIND(" - ",C59,FIND(" - ",C59)+3)-FIND(" - ",C59)-3))),"") -> 1 | E59: AYÇA GÖK | F59: 46290 | I59: 46290 | J59: 46291 | T59: 46291 | Z59: =IF(B59="","",IF(S59<>"","Sevk Edildi",IF(AND(X59<>"",Y59=""),"Reworkte",IF(T59<>"","Kapandı"&IF(COUNT(G59:R59)=0,""," – "&LOOKUP(2,1/(G59:R59=MAX(G59:R59)),{"Tasarım","Ply Cutter","Üretim","Kalite (Üretim sonrası)","Talaşlı","Kalite (Talaşlı sonrası)","Montaj","Kalite (Montaj sonrası)","Boya","Kalite (Boya sonrası)","Yarı Mamül","KM"})),IF(COUNT(G59:R59)=0,"Başlamadı",LOOKUP(2,1/(G59:R59=MAX(G59:R59)),{"Tasarımda","Ply Cutter'da","Üretimde","Kalitede (Üretim sonrası)","Talaşlıda","Kalitede (Talaşlı sonrası)","Montajda","Kalitede (Montaj sonrası)","Boyada","Kalitede (Boya sonrası)","Yarı Mamülde","KM'de"})))))) -> Kapandı – Kalite (Üretim sonrası) | AA59: =IF(OR(B59="",F59=""),"",IFERROR(IF(S59<>"",S59-F59,IF(T59<>"",T59-F59,TODAY()-F59)),"")) -> 1 | AD59: =IF(OR($B59="",NOT(ISNUMBER(G59))),"",IF(COUNTIF(H59:$T59,G59)>0,0,IF(COUNTIF($G59:$T59,">"&G59)=0,"",SMALL($G59:$T59,COUNTIF($G59:$T59,"<="&G59)+1)-G59))) | AE59: =IF(OR($B59="",NOT(ISNUMBER(H59))),"",IF(COUNTIF(I59:$T59,H59)>0,0,IF(COUNTIF($G59:$T59,">"&H59)=0,"",SMALL($G59:$T59,COUNTIF($G59:$T59,"<="&H59)+1)-H59))) | AF59: =IF(OR($B59="",NOT(ISNUMBER(I59))),"",IF(COUNTIF(J59:$T59,I59)>0,0,IF(COUNTIF($G59:$T59,">"&I59)=0,"",SMALL($G59:$T59,COUNTIF($G59:$T59,"<="&I59)+1)-I59))) -> 1 | AG59: =IF(OR($B59="",NOT(ISNUMBER(J59))),"",IF(COUNTIF(K59:$T59,J59)>0,0,IF(COUNTIF($G59:$T59,">"&J59)=0,"",SMALL($G59:$T59,COUNTIF($G59:$T59,"<="&J59)+1)-J59))) -> 0 | AH59: =IF(OR($B59="",NOT(ISNUMBER(K59))),"",IF(COUNTIF(L59:$T59,K59)>0,0,IF(COUNTIF($G59:$T59,">"&K59)=0,"",SMALL($G59:$T59,COUNTIF($G59:$T59,"<="&K59)+1)-K59))) | AI59: =IF(OR($B59="",NOT(ISNUMBER(L59))),"",IF(COUNTIF(M59:$T59,L59)>0,0,IF(COUNTIF($G59:$T59,">"&L59)=0,"",SMALL($G59:$T59,COUNTIF($G59:$T59,"<="&L59)+1)-L59))) | AJ59: =IF(OR($B59="",NOT(ISNUMBER(M59))),"",IF(COUNTIF(N59:$T59,M59)>0,0,IF(COUNTIF($G59:$T59,">"&M59)=0,"",SMALL($G59:$T59,COUNTIF($G59:$T59,"<="&M59)+1)-M59))) | AK59: =IF(OR($B59="",NOT(ISNUMBER(N59))),"",IF(COUNTIF(O59:$T59,N59)>0,0,IF(COUNTIF($G59:$T59,">"&N59)=0,"",SMALL($G59:$T59,COUNTIF($G59:$T59,"<="&N59)+1)-N59))) | ... AO59: =IF(OR($B59="",NOT(ISNUMBER(R59))),"",IF(COUNTIF(S59:$T59,R59)>0,0,IF(COUNTIF($G59:$T59,">"&R59)=0,"",SMALL($G59:$T59,COUNTIF($G59:$T59,"<="&R59)+1)-R59))) | AP59: =IF(OR($B59="",Z59="",Z59="Başlamadı",Z59="Sevk Edildi",Z59="Reworkte",LEFT(Z59,7)="Kapandı"),0,TODAY()-MAX($G59:$R59)) -> 0 | AQ59: =IF(AND(ISNUMBER(G59),ISNUMBER(AD59)),G59+AD59,"") | AR59: =IF(AND(ISNUMBER(H59),ISNUMBER(AE59)),H59+AE59,"") | AS59: =IF(AND(ISNUMBER(I59),ISNUMBER(AF59)),I59+AF59,"") -> 46291 | AT59: =IF(AND(ISNUMBER(J59),ISNUMBER(AG59)),J59+AG59,"") -> 46291 | AU59: =IF(AND(ISNUMBER(K59),ISNUMBER(AH59)),K59+AH59,"") | AV59: =IF(AND(ISNUMBER(L59),ISNUMBER(AI59)),L59+AI59,"") | AW59: =IF(AND(ISNUMBER(M59),ISNUMBER(AJ59)),M59+AJ59,"") | AX59: =IF(AND(ISNUMBER(N59),ISNUMBER(AK59)),N59+AK59,"") | ... BB59: =IF(AND(ISNUMBER(R59),ISNUMBER(AO59)),R59+AO59,"") | BC59: =IF(AND(S59="",T59=""),"",MIN(S59,T59)) -> 46291
A60: =IF(B60="","",ROW()-2) -> 58 | B60: M43043 | C60: 00191416-B - 1 - YAN KAPAK, MG SERIM | D60: =IFERROR(VALUE(TRIM(MID(C60,FIND(" - ",C60)+3,FIND(" - ",C60,FIND(" - ",C60)+3)-FIND(" - ",C60)-3))),"") -> 1 | E60: AYÇA GÖK | F60: 46290 | I60: 46290 | J60: 46293 | Q60: 46294 | T60: 46294 | Z60: =IF(B60="","",IF(S60<>"","Sevk Edildi",IF(AND(X60<>"",Y60=""),"Reworkte",IF(T60<>"","Kapandı"&IF(COUNT(G60:R60)=0,""," – "&LOOKUP(2,1/(G60:R60=MAX(G60:R60)),{"Tasarım","Ply Cutter","Üretim","Kalite (Üretim sonrası)","Talaşlı","Kalite (Talaşlı sonrası)","Montaj","Kalite (Montaj sonrası)","Boya","Kalite (Boya sonrası)","Yarı Mamül","KM"})),IF(COUNT(G60:R60)=0,"Başlamadı",LOOKUP(2,1/(G60:R60=MAX(G60:R60)),{"Tasarımda","Ply Cutter'da","Üretimde","Kalitede (Üretim sonrası)","Talaşlıda","Kalitede (Talaşlı sonrası)","Montajda","Kalitede (Montaj sonrası)","Boyada","Kalitede (Boya sonrası)","Yarı Mamülde","KM'de"})))))) -> Kapandı – Yarı Mamül | AA60: =IF(OR(B60="",F60=""),"",IFERROR(IF(S60<>"",S60-F60,IF(T60<>"",T60-F60,TODAY()-F60)),"")) -> 4 | AD60: =IF(OR($B60="",NOT(ISNUMBER(G60))),"",IF(COUNTIF(H60:$T60,G60)>0,0,IF(COUNTIF($G60:$T60,">"&G60)=0,"",SMALL($G60:$T60,COUNTIF($G60:$T60,"<="&G60)+1)-G60))) | AE60: =IF(OR($B60="",NOT(ISNUMBER(H60))),"",IF(COUNTIF(I60:$T60,H60)>0,0,IF(COUNTIF($G60:$T60,">"&H60)=0,"",SMALL($G60:$T60,COUNTIF($G60:$T60,"<="&H60)+1)-H60))) | AF60: =IF(OR($B60="",NOT(ISNUMBER(I60))),"",IF(COUNTIF(J60:$T60,I60)>0,0,IF(COUNTIF($G60:$T60,">"&I60)=0,"",SMALL($G60:$T60,COUNTIF($G60:$T60,"<="&I60)+1)-I60))) -> 3 | AG60: =IF(OR($B60="",NOT(ISNUMBER(J60))),"",IF(COUNTIF(K60:$T60,J60)>0,0,IF(COUNTIF($G60:$T60,">"&J60)=0,"",SMALL($G60:$T60,COUNTIF($G60:$T60,"<="&J60)+1)-J60))) -> 1 | AH60: =IF(OR($B60="",NOT(ISNUMBER(K60))),"",IF(COUNTIF(L60:$T60,K60)>0,0,IF(COUNTIF($G60:$T60,">"&K60)=0,"",SMALL($G60:$T60,COUNTIF($G60:$T60,"<="&K60)+1)-K60))) | AI60: =IF(OR($B60="",NOT(ISNUMBER(L60))),"",IF(COUNTIF(M60:$T60,L60)>0,0,IF(COUNTIF($G60:$T60,">"&L60)=0,"",SMALL($G60:$T60,COUNTIF($G60:$T60,"<="&L60)+1)-L60))) | AJ60: =IF(OR($B60="",NOT(ISNUMBER(M60))),"",IF(COUNTIF(N60:$T60,M60)>0,0,IF(COUNTIF($G60:$T60,">"&M60)=0,"",SMALL($G60:$T60,COUNTIF($G60:$T60,"<="&M60)+1)-M60))) | AK60: =IF(OR($B60="",NOT(ISNUMBER(N60))),"",IF(COUNTIF(O60:$T60,N60)>0,0,IF(COUNTIF($G60:$T60,">"&N60)=0,"",SMALL($G60:$T60,COUNTIF($G60:$T60,"<="&N60)+1)-N60))) | ... AO60: =IF(OR($B60="",NOT(ISNUMBER(R60))),"",IF(COUNTIF(S60:$T60,R60)>0,0,IF(COUNTIF($G60:$T60,">"&R60)=0,"",SMALL($G60:$T60,COUNTIF($G60:$T60,"<="&R60)+1)-R60))) | AP60: =IF(OR($B60="",Z60="",Z60="Başlamadı",Z60="Sevk Edildi",Z60="Reworkte",LEFT(Z60,7)="Kapandı"),0,TODAY()-MAX($G60:$R60)) -> 0 | AQ60: =IF(AND(ISNUMBER(G60),ISNUMBER(AD60)),G60+AD60,"") | AR60: =IF(AND(ISNUMBER(H60),ISNUMBER(AE60)),H60+AE60,"") | AS60: =IF(AND(ISNUMBER(I60),ISNUMBER(AF60)),I60+AF60,"") -> 46293 | AT60: =IF(AND(ISNUMBER(J60),ISNUMBER(AG60)),J60+AG60,"") -> 46294 | AU60: =IF(AND(ISNUMBER(K60),ISNUMBER(AH60)),K60+AH60,"") | AV60: =IF(AND(ISNUMBER(L60),ISNUMBER(AI60)),L60+AI60,"") | AW60: =IF(AND(ISNUMBER(M60),ISNUMBER(AJ60)),M60+AJ60,"") | AX60: =IF(AND(ISNUMBER(N60),ISNUMBER(AK60)),N60+AK60,"") | ... BB60: =IF(AND(ISNUMBER(R60),ISNUMBER(AO60)),R60+AO60,"") | BC60: =IF(AND(S60="",T60=""),"",MIN(S60,T60)) -> 46294
A61: =IF(B61="","",ROW()-2) -> 59 | B61: M43044 | C61: SOM0007-B - 1 - SOM-SAG KANAT LAY UP | D61: =IFERROR(VALUE(TRIM(MID(C61,FIND(" - ",C61)+3,FIND(" - ",C61,FIND(" - ",C61)+3)-FIND(" - ",C61)-3))),"") -> 1 | E61: AYÇA GÖK | F61: 46290 | I61: 46290 | J61: 46291 | Q61: 46295 | T61: 46295 | Z61: =IF(B61="","",IF(S61<>"","Sevk Edildi",IF(AND(X61<>"",Y61=""),"Reworkte",IF(T61<>"","Kapandı"&IF(COUNT(G61:R61)=0,""," – "&LOOKUP(2,1/(G61:R61=MAX(G61:R61)),{"Tasarım","Ply Cutter","Üretim","Kalite (Üretim sonrası)","Talaşlı","Kalite (Talaşlı sonrası)","Montaj","Kalite (Montaj sonrası)","Boya","Kalite (Boya sonrası)","Yarı Mamül","KM"})),IF(COUNT(G61:R61)=0,"Başlamadı",LOOKUP(2,1/(G61:R61=MAX(G61:R61)),{"Tasarımda","Ply Cutter'da","Üretimde","Kalitede (Üretim sonrası)","Talaşlıda","Kalitede (Talaşlı sonrası)","Montajda","Kalitede (Montaj sonrası)","Boyada","Kalitede (Boya sonrası)","Yarı Mamülde","KM'de"})))))) -> Kapandı – Yarı Mamül | AA61: =IF(OR(B61="",F61=""),"",IFERROR(IF(S61<>"",S61-F61,IF(T61<>"",T61-F61,TODAY()-F61)),"")) -> 5 | AD61: =IF(OR($B61="",NOT(ISNUMBER(G61))),"",IF(COUNTIF(H61:$T61,G61)>0,0,IF(COUNTIF($G61:$T61,">"&G61)=0,"",SMALL($G61:$T61,COUNTIF($G61:$T61,"<="&G61)+1)-G61))) | AE61: =IF(OR($B61="",NOT(ISNUMBER(H61))),"",IF(COUNTIF(I61:$T61,H61)>0,0,IF(COUNTIF($G61:$T61,">"&H61)=0,"",SMALL($G61:$T61,COUNTIF($G61:$T61,"<="&H61)+1)-H61))) | AF61: =IF(OR($B61="",NOT(ISNUMBER(I61))),"",IF(COUNTIF(J61:$T61,I61)>0,0,IF(COUNTIF($G61:$T61,">"&I61)=0,"",SMALL($G61:$T61,COUNTIF($G61:$T61,"<="&I61)+1)-I61))) -> 1 | AG61: =IF(OR($B61="",NOT(ISNUMBER(J61))),"",IF(COUNTIF(K61:$T61,J61)>0,0,IF(COUNTIF($G61:$T61,">"&J61)=0,"",SMALL($G61:$T61,COUNTIF($G61:$T61,"<="&J61)+1)-J61))) -> 4 | AH61: =IF(OR($B61="",NOT(ISNUMBER(K61))),"",IF(COUNTIF(L61:$T61,K61)>0,0,IF(COUNTIF($G61:$T61,">"&K61)=0,"",SMALL($G61:$T61,COUNTIF($G61:$T61,"<="&K61)+1)-K61))) | AI61: =IF(OR($B61="",NOT(ISNUMBER(L61))),"",IF(COUNTIF(M61:$T61,L61)>0,0,IF(COUNTIF($G61:$T61,">"&L61)=0,"",SMALL($G61:$T61,COUNTIF($G61:$T61,"<="&L61)+1)-L61))) | AJ61: =IF(OR($B61="",NOT(ISNUMBER(M61))),"",IF(COUNTIF(N61:$T61,M61)>0,0,IF(COUNTIF($G61:$T61,">"&M61)=0,"",SMALL($G61:$T61,COUNTIF($G61:$T61,"<="&M61)+1)-M61))) | AK61: =IF(OR($B61="",NOT(ISNUMBER(N61))),"",IF(COUNTIF(O61:$T61,N61)>0,0,IF(COUNTIF($G61:$T61,">"&N61)=0,"",SMALL($G61:$T61,COUNTIF($G61:$T61,"<="&N61)+1)-N61))) | ... AO61: =IF(OR($B61="",NOT(ISNUMBER(R61))),"",IF(COUNTIF(S61:$T61,R61)>0,0,IF(COUNTIF($G61:$T61,">"&R61)=0,"",SMALL($G61:$T61,COUNTIF($G61:$T61,"<="&R61)+1)-R61))) | AP61: =IF(OR($B61="",Z61="",Z61="Başlamadı",Z61="Sevk Edildi",Z61="Reworkte",LEFT(Z61,7)="Kapandı"),0,TODAY()-MAX($G61:$R61)) -> 0 | AQ61: =IF(AND(ISNUMBER(G61),ISNUMBER(AD61)),G61+AD61,"") | AR61: =IF(AND(ISNUMBER(H61),ISNUMBER(AE61)),H61+AE61,"") | AS61: =IF(AND(ISNUMBER(I61),ISNUMBER(AF61)),I61+AF61,"") -> 46291 | AT61: =IF(AND(ISNUMBER(J61),ISNUMBER(AG61)),J61+AG61,"") -> 46295 | AU61: =IF(AND(ISNUMBER(K61),ISNUMBER(AH61)),K61+AH61,"") | AV61: =IF(AND(ISNUMBER(L61),ISNUMBER(AI61)),L61+AI61,"") | AW61: =IF(AND(ISNUMBER(M61),ISNUMBER(AJ61)),M61+AJ61,"") | AX61: =IF(AND(ISNUMBER(N61),ISNUMBER(AK61)),N61+AK61,"") | ... BB61: =IF(AND(ISNUMBER(R61),ISNUMBER(AO61)),R61+AO61,"") | BC61: =IF(AND(S61="",T61=""),"",MIN(S61,T61)) -> 46295
A62: =IF(B62="","",ROW()-2) -> 60 | B62: M43045 | C62: SOM0010-B - 1 - SOM SOL KANAT LAY-UP | D62: =IFERROR(VALUE(TRIM(MID(C62,FIND(" - ",C62)+3,FIND(" - ",C62,FIND(" - ",C62)+3)-FIND(" - ",C62)-3))),"") -> 1 | E62: AYÇA GÖK | F62: 46290 | I62: 46290 | J62: 46291 | Q62: 46295 | T62: 46295 | Z62: =IF(B62="","",IF(S62<>"","Sevk Edildi",IF(AND(X62<>"",Y62=""),"Reworkte",IF(T62<>"","Kapandı"&IF(COUNT(G62:R62)=0,""," – "&LOOKUP(2,1/(G62:R62=MAX(G62:R62)),{"Tasarım","Ply Cutter","Üretim","Kalite (Üretim sonrası)","Talaşlı","Kalite (Talaşlı sonrası)","Montaj","Kalite (Montaj sonrası)","Boya","Kalite (Boya sonrası)","Yarı Mamül","KM"})),IF(COUNT(G62:R62)=0,"Başlamadı",LOOKUP(2,1/(G62:R62=MAX(G62:R62)),{"Tasarımda","Ply Cutter'da","Üretimde","Kalitede (Üretim sonrası)","Talaşlıda","Kalitede (Talaşlı sonrası)","Montajda","Kalitede (Montaj sonrası)","Boyada","Kalitede (Boya sonrası)","Yarı Mamülde","KM'de"})))))) -> Kapandı – Yarı Mamül | AA62: =IF(OR(B62="",F62=""),"",IFERROR(IF(S62<>"",S62-F62,IF(T62<>"",T62-F62,TODAY()-F62)),"")) -> 5 | AD62: =IF(OR($B62="",NOT(ISNUMBER(G62))),"",IF(COUNTIF(H62:$T62,G62)>0,0,IF(COUNTIF($G62:$T62,">"&G62)=0,"",SMALL($G62:$T62,COUNTIF($G62:$T62,"<="&G62)+1)-G62))) | AE62: =IF(OR($B62="",NOT(ISNUMBER(H62))),"",IF(COUNTIF(I62:$T62,H62)>0,0,IF(COUNTIF($G62:$T62,">"&H62)=0,"",SMALL($G62:$T62,COUNTIF($G62:$T62,"<="&H62)+1)-H62))) | AF62: =IF(OR($B62="",NOT(ISNUMBER(I62))),"",IF(COUNTIF(J62:$T62,I62)>0,0,IF(COUNTIF($G62:$T62,">"&I62)=0,"",SMALL($G62:$T62,COUNTIF($G62:$T62,"<="&I62)+1)-I62))) -> 1 | AG62: =IF(OR($B62="",NOT(ISNUMBER(J62))),"",IF(COUNTIF(K62:$T62,J62)>0,0,IF(COUNTIF($G62:$T62,">"&J62)=0,"",SMALL($G62:$T62,COUNTIF($G62:$T62,"<="&J62)+1)-J62))) -> 4 | AH62: =IF(OR($B62="",NOT(ISNUMBER(K62))),"",IF(COUNTIF(L62:$T62,K62)>0,0,IF(COUNTIF($G62:$T62,">"&K62)=0,"",SMALL($G62:$T62,COUNTIF($G62:$T62,"<="&K62)+1)-K62))) | AI62: =IF(OR($B62="",NOT(ISNUMBER(L62))),"",IF(COUNTIF(M62:$T62,L62)>0,0,IF(COUNTIF($G62:$T62,">"&L62)=0,"",SMALL($G62:$T62,COUNTIF($G62:$T62,"<="&L62)+1)-L62))) | AJ62: =IF(OR($B62="",NOT(ISNUMBER(M62))),"",IF(COUNTIF(N62:$T62,M62)>0,0,IF(COUNTIF($G62:$T62,">"&M62)=0,"",SMALL($G62:$T62,COUNTIF($G62:$T62,"<="&M62)+1)-M62))) | AK62: =IF(OR($B62="",NOT(ISNUMBER(N62))),"",IF(COUNTIF(O62:$T62,N62)>0,0,IF(COUNTIF($G62:$T62,">"&N62)=0,"",SMALL($G62:$T62,COUNTIF($G62:$T62,"<="&N62)+1)-N62))) | ... AO62: =IF(OR($B62="",NOT(ISNUMBER(R62))),"",IF(COUNTIF(S62:$T62,R62)>0,0,IF(COUNTIF($G62:$T62,">"&R62)=0,"",SMALL($G62:$T62,COUNTIF($G62:$T62,"<="&R62)+1)-R62))) | AP62: =IF(OR($B62="",Z62="",Z62="Başlamadı",Z62="Sevk Edildi",Z62="Reworkte",LEFT(Z62,7)="Kapandı"),0,TODAY()-MAX($G62:$R62)) -> 0 | AQ62: =IF(AND(ISNUMBER(G62),ISNUMBER(AD62)),G62+AD62,"") | AR62: =IF(AND(ISNUMBER(H62),ISNUMBER(AE62)),H62+AE62,"") | AS62: =IF(AND(ISNUMBER(I62),ISNUMBER(AF62)),I62+AF62,"") -> 46291 | AT62: =IF(AND(ISNUMBER(J62),ISNUMBER(AG62)),J62+AG62,"") -> 46295 | AU62: =IF(AND(ISNUMBER(K62),ISNUMBER(AH62)),K62+AH62,"") | AV62: =IF(AND(ISNUMBER(L62),ISNUMBER(AI62)),L62+AI62,"") | AW62: =IF(AND(ISNUMBER(M62),ISNUMBER(AJ62)),M62+AJ62,"") | AX62: =IF(AND(ISNUMBER(N62),ISNUMBER(AK62)),N62+AK62,"") | ... BB62: =IF(AND(ISNUMBER(R62),ISNUMBER(AO62)),R62+AO62,"") | BC62: =IF(AND(S62="",T62=""),"",MIN(S62,T62)) -> 46295
