Workbook

Sheet Dashboard
A1: MonitraNG — Tesis KPI Panosu | E1: Guncelleme: 07.07.2026 22:16
A3: Gosterge | B3: Deger | C3: Hedef | D3: Durum
A4: Toplam alarm (yil) | B4: =SUM(Veriler!B2:B13) -> 0 | C4: 120 | D4: =IF(B4<=C4,"OK","Incele") -> 0
A5: Ortalama uptime % | B5: =AVERAGE(Veriler!C2:C13) -> 0 | C5: 99 | D5: =IF(B5>=C5,"OK","Incele") -> 0
A6: Enerji tuketimi (MWh) | B6: =SUM(Veriler!D2:D13) -> 0 | C6: 15000 | D6: =IF(B6<=C6,"OK","Incele") -> 0
A7: En yuksek alarm | B7: =MAX(Veriler!B2:B13) -> 0 | C7: 20 | D7: =IF(B7<=C7,"OK","Incele") -> 0
A9: Grafikler sayfasinda gomulu sutun grafikleri bulunur.
A10: Veriler sayfasinda alarm ve enerji icin veri cubuklari uygulanir.

Sheet Veriler
A1: Ay | B1: Alarm | C1: Uptime % | D1: Enerji MWh | E1: Trend
A2: Oca | B2: 12 | C2: 99.1 | D2: 1240 | E2: =IF(D2>1240,"Yukselis","Dusus") -> 0
A3: Sub | B3: 9 | C3: 99.4 | D3: 1180 | E3: =IF(D3>1240,"Yukselis","Dusus") -> 0
A4: Mar | B4: 15 | C4: 98.8 | D4: 1310 | E4: =IF(D4>1180,"Yukselis","Dusus") -> 0
A5: Nis | B5: 8 | C5: 99.6 | D5: 1275 | E5: =IF(D5>1310,"Yukselis","Dusus") -> 0
A6: May | B6: 11 | C6: 99.2 | D6: 1190 | E6: =IF(D6>1275,"Yukselis","Dusus") -> 0
A7: Haz | B7: 6 | C7: 99.7 | D7: 1220 | E7: =IF(D7>1190,"Yukselis","Dusus") -> 0
A8: Tem | B8: 14 | C8: 99 | D8: 1350 | E8: =IF(D8>1220,"Yukselis","Dusus") -> 0
A9: Agu | B9: 10 | C9: 99.5 | D9: 1288 | E9: =IF(D9>1350,"Yukselis","Dusus") -> 0
A10: Eyl | B10: 7 | C10: 99.8 | D10: 1210 | E10: =IF(D10>1288,"Yukselis","Dusus") -> 0
A11: Eki | B11: 13 | C11: 99.3 | D11: 1295 | E11: =IF(D11>1210,"Yukselis","Dusus") -> 0
A12: Kas | B12: 9 | C12: 99.1 | D12: 1175 | E12: =IF(D12>1295,"Yukselis","Dusus") -> 0
A13: Ara | B13: 5 | C13: 99.9 | D13: 1130 | E13: =IF(D13>1175,"Yukselis","Dusus") -> 0
A15: Yillik toplam / ortalama
A16: Toplam | B16: =SUM(B2:B13) -> 0 | C16: =AVERAGE(C2:C13) -> 0 | D16: =SUM(D2:D13) -> 0

Sheet Ozet
A1: Alarm esik analizi (COUNTIF)
A2: Esik | B2: Adet
A3: >= 12 | B3: =COUNTIF(Veriler!B2:B13,">=12") -> 0
A4: < 10 | B4: =COUNTIF(Veriler!B2:B13,"<10") -> 0
A6: Uptime bandi
A7: >= 99.5% | B7: =COUNTIF(Veriler!C2:C13,">=99.5") -> 0
A8: < 99.0% | B8: =COUNTIF(Veriler!C2:C13,"<99") -> 0
A10: Grafikler sayfasindaki grafikler bu verilerden beslenir.

Sheet Grafikler
A1: Gomulu grafikler (Veriler sayfasina bagli)
A2: Alarm sutun grafigi (sol) — Enerji sutun grafigi (sag)
